Image,Description,Ground Truth
cju2r11x7sdgx0988o8ule0wl.png,"one medium yellow round polyp, located in right of the image
",cju2r11x7sdgx0988o8ule0wl.png
cju1cu1u2474n0878tt7v4tdr.png,"two small white round polyp, located in top right, bottom right of the image
",cju1cu1u2474n0878tt7v4tdr.png
cju2ulk385h170799rlklxob0.png,"two large yellow oval polyp, located in top left, right of the image
",cju2ulk385h170799rlklxob0.png
cju7ctvqn25dy08186g442m1r.png,"one medium white round polyp, located in top of the image
",cju7ctvqn25dy08186g442m1r.png
cju1fm3id6gl50801r3fok20c.png,"one small white circle polyp, located in center of the image
",cju1fm3id6gl50801r3fok20c.png
cju8ashhnquqr0801rwduzt7d.png,"one small pink oval polyp, located in center of the image
",cju8ashhnquqr0801rwduzt7d.png
cju2t62nq45jl0799odpufwx6.png,"one medium white oval polyp, located in right of the image
",cju2t62nq45jl0799odpufwx6.png
cju8czvnztbf40871b4m7t78w.png,"one medium yellow it is a round shape polyp, located in center of the image
",cju8czvnztbf40871b4m7t78w.png
cju2qtee81yd708787bsjr75d.png,"one medium brown circle polyp, located in center of the image
",cju2qtee81yd708787bsjr75d.png
cju785htizjzo08017tvlhtg4.png,"one medium orange circle polyp, located in center of the image
",cju785htizjzo08017tvlhtg4.png
cju42qet0lsq90871e50xbnuv.png,"one small yellow oval polyp, located in center of the image
",cju42qet0lsq90871e50xbnuv.png
cju8a1jtvpt9m081712iwkca7.png,"two medium pink round polyp, located in top left, right of the image
",cju8a1jtvpt9m081712iwkca7.png
cju1f8w0t65en0799m9oacq0q.png,"one medium pink round polyp, located in right of the image
",cju1f8w0t65en0799m9oacq0q.png
cju45n0oxn5vu08500yfrt9jn.png,"one medium white triangular polyp, located in bottom right of the image
",cju45n0oxn5vu08500yfrt9jn.png
cju14g8o4xui30878gkgbrvqj.png,"one small white a circle polyp, located in right of the image
",cju14g8o4xui30878gkgbrvqj.png
cju2nsmwjlzyl0993jl80chvz.png,"one small white circle polyp, located in center of the image
",cju2nsmwjlzyl0993jl80chvz.png
cju83h9ysjwe808716nt35oah.png,"one small white oval polyp, located in bottom right of the image
",cju83h9ysjwe808716nt35oah.png
cju33mirdc8mj0799k33wzoes.png,"one medium yellow round polyp, located in right of the image
",cju33mirdc8mj0799k33wzoes.png
cju5ca9hcatkc0801jzwe7tfx.png,"one medium white round polyp, located in center of the image
",cju5ca9hcatkc0801jzwe7tfx.png
cju7ddtz729960801uazp1knc.png,"two medium red round polyp, located in top left, bottom of the image
",cju7ddtz729960801uazp1knc.png
cju34ymm8d6700799uop0cw33.png,"one small yellow oval polyp, located in bottom of the image
",cju34ymm8d6700799uop0cw33.png
cju87mrypnb1e0818scv1mxxg.png,"one small yellow triangular polyp, located in center of the image
",cju87mrypnb1e0818scv1mxxg.png
cju8bljw9rqk20801kr54akrl.png,"one medium brown round polyp, located in center of the image
",cju8bljw9rqk20801kr54akrl.png
ck2bxqz3evvg20794iiyv5v2m.png,"one medium white circle polyp, located in center of the image
",ck2bxqz3evvg20794iiyv5v2m.png
cju31t8xd17bk0835rnb893jk.png,"two small white round polyp, located in bottom right, bottom right of the image
",cju31t8xd17bk0835rnb893jk.png
cju5wrrs0m2af0818vmnajbtw.png,"one small white circle polyp, located in right of the image
",cju5wrrs0m2af0818vmnajbtw.png
cju76erapykj30871x5eaxh4q.png,"one medium white round polyp, located in right of the image
",cju76erapykj30871x5eaxh4q.png
cju5jz5fff8c50871hbe6108f.png,"one medium orange round polyp, located in center of the image
",cju5jz5fff8c50871hbe6108f.png
cju5ukkg6kv7u08011x2b6zl5.png,"one medium white round polyp, located in bottom of the image
",cju5ukkg6kv7u08011x2b6zl5.png
cju8c1a0ws7o208181c6lbsom.png,"one large yellow round polyp, located in top right of the image
",cju8c1a0ws7o208181c6lbsom.png
cju1bhnfitmge0835ynls0l6b.png,"one small white oval polyp, located in right of the image
",cju1bhnfitmge0835ynls0l6b.png
cju8418jhkf7d0818ga2v0xq0.png,"one large white round polyp, located in center of the image
",cju8418jhkf7d0818ga2v0xq0.png
cju6yywx1whbb0871ksgfgf9f.png,"one medium brown round polyp, located in top right of the image
",cju6yywx1whbb0871ksgfgf9f.png
cju2qqn5ys4uo0988ewrt2ip2.png,"one large brown round polyp, located in center of the image
",cju2qqn5ys4uo0988ewrt2ip2.png
cju2oo0wh0bqy0878biujeyhe.png,"one small white oval polyp, located in right of the image
",cju2oo0wh0bqy0878biujeyhe.png
cju2hos57llxm08359g92p6jj.png,"one medium tan oval polyp, located in right of the image
",cju2hos57llxm08359g92p6jj.png
ck2bxknhjvs1x0794iogrq49k.png,"two small, medium white round polyp, located in right, center of the image
",ck2bxknhjvs1x0794iogrq49k.png
cju6x35ervu2808015c7eoqe4.png,"one medium white round polyp, located in center of the image
",cju6x35ervu2808015c7eoqe4.png
cju76lsehyia10987u54vn8rb.png,"one small white circle polyp, located in right of the image
",cju76lsehyia10987u54vn8rb.png
cju88z8bson4h0871nnd7fdxo.png,"one medium tan round polyp, located in center of the image
",cju88z8bson4h0871nnd7fdxo.png
cju1f5x1164xv08555654c24r.png,"two medium white triangular polyp, located in top left, right of the image
",cju1f5x1164xv08555654c24r.png
cju0sr5ghl0nd08789uzf1raf.png,"two small white oval polyp, located in top, bottom of the image
",cju0sr5ghl0nd08789uzf1raf.png
cju8dqkrqu83i0818ev74qpxq.png,"one large white round polyp, located in center of the image
",cju8dqkrqu83i0818ev74qpxq.png
cju2nqapmzvk20801f9us40dx.png,"three small, medium pink round polyp, located in top left, left, bottom of the image
",cju2nqapmzvk20801f9us40dx.png
cju2r2obh2bjm08553kng0rh7.png,"one medium white circle polyp, located in center of the image
",cju2r2obh2bjm08553kng0rh7.png
cju7d9seq29zd0871nzl2uu5m.png,"one medium white round polyp, located in center of the image
",cju7d9seq29zd0871nzl2uu5m.png
cju6w733bveoz0817e600tw72.png,"one medium pink round polyp, located in bottom of the image
",cju6w733bveoz0817e600tw72.png
cju0roawvklrq0799vmjorwfv.png,"three small, medium white round polyp, located in top left, right, top right of the image
",cju0roawvklrq0799vmjorwfv.png
cju7dglf226g50987ohbthl19.png,"one medium white round polyp, located in top right of the image
",cju7dglf226g50987ohbthl19.png
cju43o6n7m9nk087191ijwqq9.png,"one small yellow round polyp, located in right of the image
",cju43o6n7m9nk087191ijwqq9.png
cju2r6mt2om21099352pny5gw.png,"one medium yellow round polyp, located in right of the image
",cju2r6mt2om21099352pny5gw.png
cju5w7xn0lrkq0801f9k0htgx.png,"one medium brown round polyp, located in center of the image
",cju5w7xn0lrkq0801f9k0htgx.png
cju7eea9b2m0z0801ynqv1fqu.png,"three small white round polyp, located in top left, top, bottom right of the image
",cju7eea9b2m0z0801ynqv1fqu.png
cju8aqq8uqmoq0987hphto9gg.png,"one medium white round polyp, located in right of the image
",cju8aqq8uqmoq0987hphto9gg.png
cju2qz06823a40878ojcz9ccx.png,"one medium white oval polyp, located in right of the image
",cju2qz06823a40878ojcz9ccx.png
cju5ew4h9cqaf0818rrczkmqh.png,"one medium orange round polyp, located in center of the image
",cju5ew4h9cqaf0818rrczkmqh.png
cju33231uy4gi0993qc7b1jch.png,"one small white oval polyp, located in right of the image
",cju33231uy4gi0993qc7b1jch.png
cju14hjh2ob2o0835ouz3r5aa.png,"one medium white round polyp, located in bottom right of the image
",cju14hjh2ob2o0835ouz3r5aa.png
cju7aez2x1jtj0871ztezs3oi.png,"one small brown round polyp, located in center of the image
",cju7aez2x1jtj0871ztezs3oi.png
cju5clr68b48r0755cmuvponm.png,"one medium white circle polyp, located in center of the image
",cju5clr68b48r0755cmuvponm.png
cju88t4fvokxf07558ymyh281.png,"one small white circle polyp, located in center of the image
",cju88t4fvokxf07558ymyh281.png
cju2uwz9f5yf1085506cfamfx.png,"one medium pink round polyp, located in right of the image
",cju2uwz9f5yf1085506cfamfx.png
cju8402x1kcy70801t6kz6bdi.png,"one medium pink round polyp, located in center of the image
",cju8402x1kcy70801t6kz6bdi.png
cju0s690hkp960855tjuaqvv0.png,"one small brown middle of ear polyp, located in bottom of the image
",cju0s690hkp960855tjuaqvv0.png
cju1cdxvz48hw0801i0fjwcnk.png,"one small white circle polyp, located in right of the image
",cju1cdxvz48hw0801i0fjwcnk.png
cju7fazv92ywx0755xov2erga.png,"two large white round polyp, located in top left, bottom of the image
",cju7fazv92ywx0755xov2erga.png
cju787jnjzjuj0871p94nck9g.png,"one medium pink oval polyp, located in top right of the image
",cju787jnjzjuj0871p94nck9g.png
cju3518w2d838079939fqztbc.png,"two medium yellow round polyp, located in top left, bottom of the image
",cju3518w2d838079939fqztbc.png
cju358pwtdby20878cg7nm0np.png,"one small white circle polyp, located in left of the image
",cju358pwtdby20878cg7nm0np.png
cju884985nlmx0817vzpax3y4.png,"two small white circle polyp, located in right, right of the image
",cju884985nlmx0817vzpax3y4.png
cju7avvi51iox0817ym55y6tt.png,"one large white round polyp, located in center of the image
",cju7avvi51iox0817ym55y6tt.png
cju8a2itsq4dv0755ntlovpxe.png,"one small white triangular polyp, located in center of the image
",cju8a2itsq4dv0755ntlovpxe.png
cju18849rrsgr0988p90hkygb.png,"one medium tan round polyp, located in center of the image
",cju18849rrsgr0988p90hkygb.png
cju2xs6na81t20878pt6nkfip.png,"one medium brown round polyp, located in right of the image
",cju2xs6na81t20878pt6nkfip.png
cju2r7h21sj9608354gzks3ae.png,"one small brown circle polyp, located in bottom of the image
",cju2r7h21sj9608354gzks3ae.png
cju2nbdpmlmcj0993s1cht0dz.png,"one medium white round polyp, located in right of the image
",cju2nbdpmlmcj0993s1cht0dz.png
cju40poe4kt9s0755f9cnm3h5.png,"one medium white circle polyp, located in right of the image
",cju40poe4kt9s0755f9cnm3h5.png
cju42romflni20817etb9a0fl.png,"one medium white round polyp, located in center of the image
",cju42romflni20817etb9a0fl.png
cju2osuru0ki00855txo0n3uu.png,"one medium white round polyp, located in top of the image
",cju2osuru0ki00855txo0n3uu.png
cju8cwy02t9eq08185qn12c02.png,"two medium white round polyp, located in top left, top of the image
",cju8cwy02t9eq08185qn12c02.png
cju40taxlkrho0987smigg0x0.png,"one medium white round polyp, located in center of the image
",cju40taxlkrho0987smigg0x0.png
cju1amqw6p8pw0993d9gc5crl.png,"one small white oval polyp, located in right of the image
",cju1amqw6p8pw0993d9gc5crl.png
cju1hyolc7aqu0878rrkfn1lr.png,"one small pink oval polyp, located in left of the image
",cju1hyolc7aqu0878rrkfn1lr.png
cju3yht87j83m08507yk1u1fg.png,"one large white round polyp, located in center of the image
",cju3yht87j83m08507yk1u1fg.png
cju16jgnyzp970878melv7r25.png,"one medium white round polyp, located in right of the image
",cju16jgnyzp970878melv7r25.png
cju1cnnziug1l0835yh4ropyg.png,"one medium white round polyp, located in right of the image
",cju1cnnziug1l0835yh4ropyg.png
cju6xlygpw7bs0818n691jsq4.png,"one large yellow round polyp, located in right of the image
",cju6xlygpw7bs0818n691jsq4.png
cju5x15djm7ae0755h8czf6nt.png,"one medium brown round polyp, located in top right of the image
",cju5x15djm7ae0755h8czf6nt.png
cju77idwfz36d0871tzfzz51i.png,"one medium brown mouth polyp, located in bottom of the image
",cju77idwfz36d0871tzfzz51i.png
cju5ekty5ckzf07550c9u3ckk.png,"one medium pink oval polyp, located in center of the image
",cju5ekty5ckzf07550c9u3ckk.png
cju7dsrtb2f8i085064kwugfk.png,"one medium white round polyp, located in bottom of the image
",cju7dsrtb2f8i085064kwugfk.png
cju2yyhsp933j0855hp32e012.png,"one medium yellow oval polyp, located in right of the image
",cju2yyhsp933j0855hp32e012.png
cju41kd7yl4nm0850gil5qqwh.png,"one small white round polyp, located in center of the image
",cju41kd7yl4nm0850gil5qqwh.png
cju6x97w4vwua0850x0997r0a.png,"one small white triangular polyp, located in center of the image
",cju6x97w4vwua0850x0997r0a.png
cju2wxv0hxs2f09884w48v8fi.png,"one small brown round polyp, located in right of the image
",cju2wxv0hxs2f09884w48v8fi.png
cju7bb3ss1uoo0755pmhyco7t.png,"one medium white round polyp, located in center of the image
",cju7bb3ss1uoo0755pmhyco7t.png
cju45ofd9ne1j0801ri8dup7t.png,"two large white round polyp, located in top left, center of the image
",cju45ofd9ne1j0801ri8dup7t.png
cju323ypb1fbb0988gx5rzudb.png,"two large white round polyp, located in top left, bottom of the image
",cju323ypb1fbb0988gx5rzudb.png
cju7awzmu1ncs0871hziy65zx.png,"one small white oval polyp, located in right of the image
",cju7awzmu1ncs0871hziy65zx.png
cju45lbgznahl08180xz1h7u6.png,"one medium white circle polyp, located in center of the image
",cju45lbgznahl08180xz1h7u6.png
cju418rckl3ur08012psrx1r1.png,"one medium white round polyp, located in right of the image
",cju418rckl3ur08012psrx1r1.png
cju87ox0kncom0801b98hqnd2.png,"one small tan oval polyp, located in top of the image
",cju87ox0kncom0801b98hqnd2.png
cju6x4t13vyw60755gtcf9ndu.png,"one medium white round polyp, located in right of the image
",cju6x4t13vyw60755gtcf9ndu.png
cju2lz8vqktne0993fuym6drw.png,"one small tan round polyp, located in bottom of the image
",cju2lz8vqktne0993fuym6drw.png
cju87z6o6nh73085045bzsx6o.png,"one medium white round polyp, located in right of the image
",cju87z6o6nh73085045bzsx6o.png
cju7arvfe1ldu0850erdmphgj.png,"one medium white round polyp, located in center of the image
",cju7arvfe1ldu0850erdmphgj.png
cju0t4oil7vzk099370nun5h9.png,"one large white round polyp, located in right of the image
",cju0t4oil7vzk099370nun5h9.png
cju5ddda9bkkt0850enzwatb1.png,"one small brown round polyp, located in top of the image
",cju5ddda9bkkt0850enzwatb1.png
cju7b2l561oas0871decgslaf.png,"one medium tan oval polyp, located in left of the image
",cju7b2l561oas0871decgslaf.png
cjyzurzvohqnr0794es1itzek.png,"one medium pink kidney polyp, located in right of the image
",cjyzurzvohqnr0794es1itzek.png
cju8amfdtqi4x09871tygrgqe.png,"one medium white round polyp, located in center of the image
",cju8amfdtqi4x09871tygrgqe.png
cju2zjcvj9qma0801dk71hhi0.png,"two medium white round polyp, located in right, left of the image
",cju2zjcvj9qma0801dk71hhi0.png
cju336l68y7if0993wf092166.png,"one medium white round polyp, located in center of the image
",cju336l68y7if0993wf092166.png
cju8at3s1qqqx0850hcq8nmnq.png,"one small white circle polyp, located in bottom right of the image
",cju8at3s1qqqx0850hcq8nmnq.png
cju7787c5yy3l080159mwqsnj.png,"one small tan oval polyp, located in right of the image
",cju7787c5yy3l080159mwqsnj.png
cju35c4wzdhow0799h6eq4sgs.png,"two medium white round polyp, located in top left, bottom right of the image
",cju35c4wzdhow0799h6eq4sgs.png
cju0qx73cjw570799j4n5cjze.png,"one large white round polyp, located in right of the image
",cju0qx73cjw570799j4n5cjze.png
cju414lf2l1lt0801rl3hjllj.png,"four small white round polyp, located in top, left, bottom, bottom left of the image
",cju414lf2l1lt0801rl3hjllj.png
cju2mfjndoz700988b9lc3zeq.png,"one medium tan round polyp, located in right of the image
",cju2mfjndoz700988b9lc3zeq.png
cju5yimthmlv80850zhoc90c2.png,"one small white circle polyp, located in bottom of the image
",cju5yimthmlv80850zhoc90c2.png
cju2nd7l7z98o0799gfjvyfmw.png,"one medium white circle polyp, located in right of the image
",cju2nd7l7z98o0799gfjvyfmw.png
cju3u39fog1bo0871lxjrabks.png,"two medium tan round polyp, located in top left, top of the image
",cju3u39fog1bo0871lxjrabks.png
cju3x9lttikfb0818a0g104zn.png,"one small white triangular polyp, located in center of the image
",cju3x9lttikfb0818a0g104zn.png
cju6wi3akvn8r0801px8eligc.png,"two large white round polyp, located in top left, center of the image
",cju6wi3akvn8r0801px8eligc.png
cju5ktjwofed70817eg58ef7u.png,"one medium white round polyp, located in right of the image
",cju5ktjwofed70817eg58ef7u.png
cju34ds2531520988qjpqt6e3.png,"one medium yellow round polyp, located in center of the image
",cju34ds2531520988qjpqt6e3.png
cju5vbo6jldrt0871jf6f1700.png,"one small yellow oval polyp, located in right of the image
",cju5vbo6jldrt0871jf6f1700.png
cju2qfie4rvz508357kad9z5o.png,"one medium white it is round polyp, located in center of the image
",cju2qfie4rvz508357kad9z5o.png
cju5buy2bal250818ipl6fqwv.png,"one medium white circle polyp, located in center of the image
",cju5buy2bal250818ipl6fqwv.png
cju85c2d4ln1b0755zz1z3onx.png,"one small brown circle polyp, located in right of the image
",cju85c2d4ln1b0755zz1z3onx.png
cju5vxuc5loxw0818u8xgf45p.png,"one medium white oval polyp, located in right of the image
",cju5vxuc5loxw0818u8xgf45p.png
cju15ptjtppz40988odsm9azx.png,"one small white triangular polyp, located in right of the image
",cju15ptjtppz40988odsm9azx.png
cju7dtb1e2j0t0818deq51ib3.png,"two medium yellow large polyp, located in top left, bottom right of the image
",cju7dtb1e2j0t0818deq51ib3.png
cjyzu3reghjya0794w7pwoi50.png,"one medium white triangular polyp, located in right of the image
",cjyzu3reghjya0794w7pwoi50.png
cju774fmayxif0818u2g79usw.png,"one small white round polyp, located in bottom right of the image
",cju774fmayxif0818u2g79usw.png
cju353d1eda8c07992afde611.png,"two medium pink round polyp, located in top left, top right of the image
",cju353d1eda8c07992afde611.png
cju1egx9pvz2n0988eoy8jp23.png,"one small yellow round polyp, located in bottom of the image
",cju1egx9pvz2n0988eoy8jp23.png
cju2wtwj87kys0855kx6mddzw.png,"one large yellow round polyp, located in center of the image
",cju2wtwj87kys0855kx6mddzw.png
cju2y26c588bo07993ksd8eoz.png,"one small yellow round polyp, located in bottom right of the image
",cju2y26c588bo07993ksd8eoz.png
cju83vvmik9wa08710yeh7cuk.png,"one small pink oval polyp, located in center of the image
",cju83vvmik9wa08710yeh7cuk.png
cju2rnkt22xep0801as160g9t.png,"two small white round polyp, located in center, left of the image
",cju2rnkt22xep0801as160g9t.png
cju6wn57mvooj0850rp78hhy7.png,"one large yellow round polyp, located in right of the image
",cju6wn57mvooj0850rp78hhy7.png
cju2hjrqcvi2j0801bx1i6gxg.png,"two small white round polyp, located in top, bottom of the image
",cju2hjrqcvi2j0801bx1i6gxg.png
cju5yjq1pmlgc0801z0t24bly.png,"one medium yellow round polyp, located in bottom of the image
",cju5yjq1pmlgc0801z0t24bly.png
cju7bf1lp1shi081835vs84lc.png,"one large white round polyp, located in center of the image
",cju7bf1lp1shi081835vs84lc.png
cju2nnqrqzp580855z8mhzgd6.png,"two large white round polyp, located in top left, center of the image
",cju2nnqrqzp580855z8mhzgd6.png
cju2wzu8wxtgu09880ku9x1pg.png,"two medium white round polyp, located in top left, bottom of the image
",cju2wzu8wxtgu09880ku9x1pg.png
cju1cqc7n4gpy0855jt246k68.png,"one small white round polyp, located in bottom of the image
",cju1cqc7n4gpy0855jt246k68.png
cju2ntxtdzlvu0799xl3j9pan.png,"one small white round polyp, located in bottom right of the image
",cju2ntxtdzlvu0799xl3j9pan.png
cju18ibp219ub08783i6o98g7.png,"one small white circle polyp, located in bottom right of the image
",cju18ibp219ub08783i6o98g7.png
cju13hp5rnbjx0835bf0jowgx.png,"one medium white round polyp, located in left of the image
",cju13hp5rnbjx0835bf0jowgx.png
cju2zdhsczmn50988z64qwg2q.png,"two small, medium white round polyp, located in top, right of the image
",cju2zdhsczmn50988z64qwg2q.png
cju8brv16rx7f0818uf5n89pv.png,"one small white circle polyp, located in right of the image
",cju8brv16rx7f0818uf5n89pv.png
cjyzul1qggwwj07216mhiv5sy.png,"one small pink circle polyp, located in center of the image
",cjyzul1qggwwj07216mhiv5sy.png
cju87zv8lni0o0850hbbecbq6.png,"one small yellow circle polyp, located in center of the image
",cju87zv8lni0o0850hbbecbq6.png
cju2tvrvm53ws0801a0jfjdxg.png,"one medium white round polyp, located in top of the image
",cju2tvrvm53ws0801a0jfjdxg.png
cju357rxxdaz30878y2esjpjt.png,"one small brown circle polyp, located in top of the image
",cju357rxxdaz30878y2esjpjt.png
cju6xifswvwbo0987nibtdr50.png,"two large white round polyp, located in top left, right of the image
",cju6xifswvwbo0987nibtdr50.png
cju88msmoo3470817m441j4sg.png,"one medium yellow round polyp, located in right of the image
",cju88msmoo3470817m441j4sg.png
cju2phaksnahz0993yxogjcpv.png,"one small brown oval polyp, located in left of the image
",cju2phaksnahz0993yxogjcpv.png
cju42g865lorv07552ytz6xxa.png,"one medium white round polyp, located in top of the image
",cju42g865lorv07552ytz6xxa.png
cju17otoe119u0799nqcbl8n1.png,"one large yellow round polyp, located in center of the image
",cju17otoe119u0799nqcbl8n1.png
cju34zivp3fq80988opxbaqyn.png,"one small orange circle polyp, located in center of the image
",cju34zivp3fq80988opxbaqyn.png
cju2i6acqvo6l0799u20fift8.png,"one medium white triangular polyp, located in center of the image
",cju2i6acqvo6l0799u20fift8.png
cju5i39mreass0817au8p22zy.png,"one medium pink round polyp, located in center of the image
",cju5i39mreass0817au8p22zy.png
cju7emdni2py40871ivhxjtut.png,"one large brown large polyp, located in right of the image
",cju7emdni2py40871ivhxjtut.png
cju7ehljc2or70871261br8ai.png,"two large orange round polyp, located in top left, center of the image
",cju7ehljc2or70871261br8ai.png
cju5eq8c8ck690850vix98hv3.png,"one large orange round polyp, located in right of the image
",cju5eq8c8ck690850vix98hv3.png
cju8bssulrrcy0987h1vq5060.png,"two medium white circle polyp, located in top left, bottom of the image
",cju8bssulrrcy0987h1vq5060.png
cju31w6goazci0799n014ly1q.png,"one medium white round polyp, located in left of the image
",cju31w6goazci0799n014ly1q.png
cju7cl8zm1xcu0817ado0jpas.png,"one large white round polyp, located in center of the image
",cju7cl8zm1xcu0817ado0jpas.png
cju6v4szov55u0871qmqz3v8n.png,"two large white round polyp, located in top left, left of the image
",cju6v4szov55u0871qmqz3v8n.png
cju40r6jrksyk0871wg98zgho.png,"one medium yellow round polyp, located in right of the image
",cju40r6jrksyk0871wg98zgho.png
cju32l161bi1v07990vm376in.png,"two small pink circle polyp, located in top left, right of the image
",cju32l161bi1v07990vm376in.png
cju1c6yfz42md08550zgoz3pw.png,"two medium yellow round polyp, located in top left, top of the image
",cju1c6yfz42md08550zgoz3pw.png
cju2p91qir00k08350ddfif0w.png,"one small white round polyp, located in center of the image
",cju2p91qir00k08350ddfif0w.png
cju35k2fr3vc50988c85qkrwg.png,"two small white circle polyp, located in right, bottom of the image
",cju35k2fr3vc50988c85qkrwg.png
cju3u4lxmg59o0755rz42b9en.png,"one medium orange round polyp, located in bottom right of the image
",cju3u4lxmg59o0755rz42b9en.png
cju171py4qiha0835u8sl59ds.png,"two large white round polyp, located in top left, right of the image
",cju171py4qiha0835u8sl59ds.png
cju1fuoa4wmc50835qfd11sp9.png,"two small pink oval polyp, located in top left, right of the image
",cju1fuoa4wmc50835qfd11sp9.png
cju3xvoo2iqlc0817eku2r3wl.png,"two small white circle polyp, located in top left, bottom right of the image
",cju3xvoo2iqlc0817eku2r3wl.png
cju6z7e4bwgdd0987ogkzq9kt.png,"one medium white round polyp, located in bottom right of the image
",cju6z7e4bwgdd0987ogkzq9kt.png
cju7azuu31mia0801pf9ib5ed.png,"one small yellow round polyp, located in bottom of the image
",cju7azuu31mia0801pf9ib5ed.png
cju5eyfe9cpk90987laa7tsl3.png,"one medium pink oval polyp, located in center of the image
",cju5eyfe9cpk90987laa7tsl3.png
cju2ouil2mssu0993hvxsed6d.png,"one small white circle polyp, located in center of the image
",cju2ouil2mssu0993hvxsed6d.png
cju5vzjoslpj708186z2fusmz.png,"one small yellow circle polyp, located in right of the image
",cju5vzjoslpj708186z2fusmz.png
cju5wmvsdlx1j0871npgj8j4b.png,"one small yellow round polyp, located in center of the image
",cju5wmvsdlx1j0871npgj8j4b.png
cju32zhbnc1oy0801iyv1ix6p.png,"one medium white round polyp, located in right of the image
",cju32zhbnc1oy0801iyv1ix6p.png
cju5fu081d8gc0818l3yylujk.png,"one small yellow circle polyp, located in left of the image
",cju5fu081d8gc0818l3yylujk.png
cju7cue9b232j0801qdzk1ykj.png,"one medium white circle polyp, located in center of the image
",cju7cue9b232j0801qdzk1ykj.png
cju5wtdu4m0im0871mix0yvc0.png,"one medium pink round polyp, located in right of the image
",cju5wtdu4m0im0871mix0yvc0.png
cju8bk8oirjhw0817hgkua2w8.png,"one medium white round polyp, located in center of the image
",cju8bk8oirjhw0817hgkua2w8.png
cju83u9ftk3ni0987qnhlcinv.png,"two medium orange round polyp, located in top left, center of the image
",cju83u9ftk3ni0987qnhlcinv.png
cju84gpefknwm098714oq8q61.png,"one medium orange round polyp, located in right of the image
",cju84gpefknwm098714oq8q61.png
cju2rga4psq9n09881z519xx0.png,"one small tan oval polyp, located in right of the image
",cju2rga4psq9n09881z519xx0.png
cju7dizi82h2i0755doucgnt3.png,"one small white round polyp, located in center of the image
",cju7dizi82h2i0755doucgnt3.png
cju17x0j4nfc10993y31pvlgs.png,"two large white round polyp, located in top left, left of the image
",cju17x0j4nfc10993y31pvlgs.png
cju2hw5gjlr5h0988so2qqres.png,"one medium white round polyp, located in center of the image
",cju2hw5gjlr5h0988so2qqres.png
cju8567gdlcbq0801dwwyo2jt.png,"two medium white round polyp, located in top left, bottom of the image
",cju8567gdlcbq0801dwwyo2jt.png
cju7agj961l2r0818z29iq8yn.png,"one small tan oval polyp, located in right of the image
",cju7agj961l2r0818z29iq8yn.png
cju2hx006vidl0799igm81vmh.png,"one small brown round polyp, located in right of the image
",cju2hx006vidl0799igm81vmh.png
ck2bxlujamu330725szlc2jdu.png,"one small white round polyp, located in bottom of the image
",ck2bxlujamu330725szlc2jdu.png
cju41s6nbleqy0755e2mslg0b.png,"one medium brown round polyp, located in center of the image
",cju41s6nbleqy0755e2mslg0b.png
cju2rxm8rpbaf0993o3qr2oph.png,"one small white round polyp, located in right of the image
",cju2rxm8rpbaf0993o3qr2oph.png
cju5k7r0yf98c09878csbxb4d.png,"one small brown circle polyp, located in top of the image
",cju5k7r0yf98c09878csbxb4d.png
cju88q6h6obpd0871ckmiabbo.png,"three small white round polyp, located in top, right, center of the image
",cju88q6h6obpd0871ckmiabbo.png
cju7do8c72dbo0801vxfzxdc4.png,"one small yellow round polyp, located in right of the image
",cju7do8c72dbo0801vxfzxdc4.png
ck2bxw18mmz1k0725litqq2mc.png,"one medium white triangular polyp, located in center of the image
",ck2bxw18mmz1k0725litqq2mc.png
cju5o4pk9h0720755lgp9jq8m.png,"two medium pink round polyp, located in top left, right of the image
",cju5o4pk9h0720755lgp9jq8m.png
cju1ddr6p4k5z08780uuuzit2.png,"one small brown circle polyp, located in right of the image
",cju1ddr6p4k5z08780uuuzit2.png
cju2syxa93yw40799x2iuwabz.png,"one small brown circle polyp, located in center of the image
",cju2syxa93yw40799x2iuwabz.png
cju5chrxxawka0871qcj171yz.png,"one medium white round polyp, located in center of the image
",cju5chrxxawka0871qcj171yz.png
cju2wve9v7esz0878mxsdcy04.png,"one small white round polyp, located in center of the image
",cju2wve9v7esz0878mxsdcy04.png
cju6z600qwh4z081700qimgl9.png,"one small tan round polyp, located in bottom right of the image
",cju6z600qwh4z081700qimgl9.png
cju30mm25a53s0799qa5wiqe8.png,"one small pink circle polyp, located in bottom of the image
",cju30mm25a53s0799qa5wiqe8.png
cju8c5mxls96t0850wvkvsity.png,"one medium yellow round polyp, located in bottom right of the image
",cju8c5mxls96t0850wvkvsity.png
cju18gzrq18zw0878wbf4ftw6.png,"one small brown round polyp, located in right of the image
",cju18gzrq18zw0878wbf4ftw6.png
cju5eftctcdbj08712gdp989f.png,"one medium yellow round polyp, located in right of the image
",cju5eftctcdbj08712gdp989f.png
cju2saez63gxl08559ucjq3kt.png,"one medium orange round polyp, located in top of the image
",cju2saez63gxl08559ucjq3kt.png
cju7ejm2l2ncl0801wq6y84nw.png,"one small brown round polyp, located in left of the image
",cju7ejm2l2ncl0801wq6y84nw.png
cju5o1vu9gz8a0818eyy92bns.png,"one medium yellow round polyp, located in left of the image
",cju5o1vu9gz8a0818eyy92bns.png
cju85fc11ljr40818edpb0inh.png,"two large white round polyp, located in top left, right of the image
",cju85fc11ljr40818edpb0inh.png
cju45jpvfn6c809873pv1i34s.png,"one medium white oval polyp, located in center of the image
",cju45jpvfn6c809873pv1i34s.png
cju0sxqiclckk08551ycbwhno.png,"one small yellow oval polyp, located in right of the image
",cju0sxqiclckk08551ycbwhno.png
cju2s2527pfyr0993l3h1149a.png,"one small pink circle polyp, located in bottom right of the image
",cju2s2527pfyr0993l3h1149a.png
cju6ut4l8va6y0755tyw3vfqq.png,"one small white circle polyp, located in right of the image
",cju6ut4l8va6y0755tyw3vfqq.png
cju8adb60qbiu080188mxpf8d.png,"one small brown circle polyp, located in right of the image
",cju8adb60qbiu080188mxpf8d.png
cju43eigtm6ev0801mv0m96t1.png,"two large white round polyp, located in top left, center of the image
",cju43eigtm6ev0801mv0m96t1.png
cju34i3qvcyog0855qiejxx5w.png,"one medium brown round polyp, located in center of the image
",cju34i3qvcyog0855qiejxx5w.png
cju2urqpwvxw70835rvndvtsi.png,"one small brown round polyp, located in top of the image
",cju2urqpwvxw70835rvndvtsi.png
cju7d6ux323ze0987xos3srkx.png,"one large orange round polyp, located in center of the image
",cju7d6ux323ze0987xos3srkx.png
cju30ov1oah920801mi8thuyg.png,"one small white round polyp, located in top right of the image
",cju30ov1oah920801mi8thuyg.png
cju2xbk0080y80801eghyddi2.png,"one small orange round polyp, located in top of the image
",cju2xbk0080y80801eghyddi2.png
cju6wuojavt740818b5qcv3iw.png,"one medium orange round polyp, located in center of the image
",cju6wuojavt740818b5qcv3iw.png
cju2r91dg2k090801bh0xzbxk.png,"one small pink oval polyp, located in center of the image
",cju2r91dg2k090801bh0xzbxk.png
cju8432cmkgq90871cxe4iptl.png,"one medium orange round polyp, located in center of the image
",cju8432cmkgq90871cxe4iptl.png
cju8ando2qqdo0818ck7i1be1.png,"one medium orange oval polyp, located in right of the image
",cju8ando2qqdo0818ck7i1be1.png
cju8c2rqzs5t80850d0zky5dy.png,"one large yellow a large bone polyp, located in right of the image
",cju8c2rqzs5t80850d0zky5dy.png
cju3x7xsaijq80818f0psavav.png,"one medium yellow round polyp, located in bottom of the image
",cju3x7xsaijq80818f0psavav.png
cju2xyd9vyi7m098831qcucse.png,"one medium brown kidney polyp, located in center of the image
",cju2xyd9vyi7m098831qcucse.png
cju84ffdzkrjn08183jh1fxmb.png,"one small white round polyp, located in bottom right of the image
",cju84ffdzkrjn08183jh1fxmb.png
cju2pkwt3r8b90988v2ywq1px.png,"one small white round polyp, located in left of the image
",cju2pkwt3r8b90988v2ywq1px.png
cju7es23b2vcp0755gpbm9s7v.png,"two large yellow round polyp, located in top left, right of the image
",cju7es23b2vcp0755gpbm9s7v.png
cju8bi8q7rlmn0871abc5ch8k.png,"one small brown round polyp, located in top right of the image
",cju8bi8q7rlmn0871abc5ch8k.png
cju7ezs7g2mxm098787atbran.png,"one small white round polyp, located in right of the image
",cju7ezs7g2mxm098787atbran.png
cju2ysg748ru80878sp6j0gm0.png,"two medium orange round polyp, located in top left, center of the image
",cju2ysg748ru80878sp6j0gm0.png
cju5waeduln160817w0agirve.png,"one medium tan round polyp, located in center of the image
",cju5waeduln160817w0agirve.png
cju847pxykriq0755268ktrk2.png,"one medium orange round polyp, located in center of the image
",cju847pxykriq0755268ktrk2.png
cju33belnbyhm0878yxl42233.png,"two small brown round polyp, located in center, bottom right of the image
",cju33belnbyhm0878yxl42233.png
cju7dubap2g0w0801fgl42mg9.png,"one medium pink round polyp, located in right of the image
",cju7dubap2g0w0801fgl42mg9.png
cju6v5ilsv8hk0850rb5sgh6o.png,"one small brown circle polyp, located in right of the image
",cju6v5ilsv8hk0850rb5sgh6o.png
cju7efffp2ivf0817etg3jehl.png,"one large orange round polyp, located in center of the image
",cju7efffp2ivf0817etg3jehl.png
cju5u4pywk81x0817vn9pe14z.png,"one small yellow circle polyp, located in right of the image
",cju5u4pywk81x0817vn9pe14z.png
cju83wwn1k55e0850kw6i2d81.png,"one small white round polyp, located in right of the image
",cju83wwn1k55e0850kw6i2d81.png
cju7csvlb22fr0850lvm45n3x.png,"two medium white round polyp, located in top left, right of the image
",cju7csvlb22fr0850lvm45n3x.png
cju3tsh4lfsok0987w6x3a0v1.png,"one large white round polyp, located in center of the image
",cju3tsh4lfsok0987w6x3a0v1.png
cju3ykamdj9u208503pygyuc8.png,"two small pink circle polyp, located in center, center of the image
",cju3ykamdj9u208503pygyuc8.png
cju2qu37qobl50993aw7ghcfq.png,"one small white round polyp, located in center of the image
",cju2qu37qobl50993aw7ghcfq.png
cju7evxt12m730987rxivne3x.png,"two large white round polyp, located in top left, center of the image
",cju7evxt12m730987rxivne3x.png
cju8c6hnxsdvr0801wn0vrsa6.png,"one small brown triangular polyp, located in center of the image
",cju8c6hnxsdvr0801wn0vrsa6.png
cju8bafgqrf4x0818twisk3ea.png,"one medium white circle polyp, located in center of the image
",cju8bafgqrf4x0818twisk3ea.png
cju8dic9mtppa0987swn23wbc.png,"two medium white round polyp, located in top left, bottom of the image
",cju8dic9mtppa0987swn23wbc.png
cju8doa16u5gh0818w1ywda3q.png,"two large brown round polyp, located in top left, center of the image
",cju8doa16u5gh0818w1ywda3q.png
cju2htabevq9108015qjei0x7.png,"one large white round polyp, located in left of the image
",cju2htabevq9108015qjei0x7.png
cju3xtufwiv9c0818djsc4cqd.png,"one small white round polyp, located in center of the image
",cju3xtufwiv9c0818djsc4cqd.png
cju8b5p40r2c60987ofa0mu03.png,"one small white round polyp, located in center of the image
",cju8b5p40r2c60987ofa0mu03.png
cju2qn2fzs1vy0988l243cvzy.png,"one medium yellow round polyp, located in bottom right of the image
",cju2qn2fzs1vy0988l243cvzy.png
cju83ipu3jwpx0801z5pvguf8.png,"one small white round polyp, located in bottom of the image
",cju83ipu3jwpx0801z5pvguf8.png
cju87kbcen2av0987usezo8kn.png,"two small white round polyp, located in top right, center of the image
",cju87kbcen2av0987usezo8kn.png
cju5wj0faly5008187n6530af.png,"one medium white oval polyp, located in center of the image
",cju5wj0faly5008187n6530af.png
cju6vqarjv7yo0987q4b1btk1.png,"one medium white oval polyp, located in right of the image
",cju6vqarjv7yo0987q4b1btk1.png
cju2xwm1s84l50799i60mq0pu.png,"one small white oval polyp, located in top right of the image
",cju2xwm1s84l50799i60mq0pu.png
cju88evxanv9r08176zkeovec.png,"one medium orange round polyp, located in right of the image
",cju88evxanv9r08176zkeovec.png
cjyzufihqquiw0a46jatrbwln.png,"one large orange round polyp, located in right of the image
",cjyzufihqquiw0a46jatrbwln.png
cju330ofbc2l30801th5g3hw6.png,"one small white circle polyp, located in bottom right of the image
",cju330ofbc2l30801th5g3hw6.png
cju2u2b9o4zvp08788qb9nqxj.png,"one medium white round polyp, located in center of the image
",cju2u2b9o4zvp08788qb9nqxj.png
cju3y54kwj3nr0801biidlb4e.png,"two large red round polyp, located in top left, center of the image
",cju3y54kwj3nr0801biidlb4e.png
cju7ekbo32pft0871fv7kzwb9.png,"one small tan oval polyp, located in bottom right of the image
",cju7ekbo32pft0871fv7kzwb9.png
cju2hdr06v2bq0799mbm3bks1.png,"two medium white round polyp, located in top left, right of the image
",cju2hdr06v2bq0799mbm3bks1.png
cju5wcc90lu020850mjrxppv6.png,"one medium white triangular polyp, located in right of the image
",cju5wcc90lu020850mjrxppv6.png
cju2z1nxlzaj40835wj81s1iy.png,"one medium white round polyp, located in center of the image
",cju2z1nxlzaj40835wj81s1iy.png
cju6z1bzbwfq50817b2alatvr.png,"two large white round polyp, located in top left, right of the image
",cju6z1bzbwfq50817b2alatvr.png
cju3ya7goj6at0818v2l5ay7f.png,"two small white oval polyp, located in center, center of the image
",cju3ya7goj6at0818v2l5ay7f.png
cju2pjb9v0ywn0878j5g5n69j.png,"one medium pink oval polyp, located in center of the image
",cju2pjb9v0ywn0878j5g5n69j.png
cju88gx09o2vk0818610zody3.png,"one small tan round polyp, located in right of the image
",cju88gx09o2vk0818610zody3.png
cju2hfqnmhisa0993gpleeldd.png,"two small white triangular polyp, located in center, bottom right of the image
",cju2hfqnmhisa0993gpleeldd.png
cju85plp7lmkw0850rx42jdpf.png,"two large white round polyp, located in top left, right of the image
",cju85plp7lmkw0850rx42jdpf.png
cju7dymur2od30755eg8yv2ht.png,"one medium white round polyp, located in top of the image
",cju7dymur2od30755eg8yv2ht.png
cju84jdl9kv0i0871eog9b3i9.png,"one medium white round polyp, located in center of the image
",cju84jdl9kv0i0871eog9b3i9.png
cju1871y11d6r0799k6cw4yze.png,"one medium tan round polyp, located in left of the image
",cju1871y11d6r0799k6cw4yze.png
cju5f0dezct4q08183ydw11dx.png,"one medium white round polyp, located in right of the image
",cju5f0dezct4q08183ydw11dx.png
cju8ceacrsqkr0755hdz145es.png,"one small white round polyp, located in top of the image
",cju8ceacrsqkr0755hdz145es.png
cju2uy8ox62jo0801g88hh42z.png,"one small tan oval polyp, located in right of the image
",cju2uy8ox62jo0801g88hh42z.png
cju2yljr0yzhw0988ecf271ly.png,"one medium white round polyp, located in center of the image
",cju2yljr0yzhw0988ecf271ly.png
cju5cu8qkb84x08186jwo8yin.png,"one small white round polyp, located in right of the image
",cju5cu8qkb84x08186jwo8yin.png
cju5bycdkalkb09875f7bfrvx.png,"one medium white round polyp, located in center of the image
",cju5bycdkalkb09875f7bfrvx.png
cju1bm8063nmh07996rsjjemq.png,"one medium yellow round polyp, located in right of the image
",cju1bm8063nmh07996rsjjemq.png
cju3280wv1ir009882jze27tc.png,"one medium brown round polyp, located in center of the image
",cju3280wv1ir009882jze27tc.png
cju5yeqiwmkgl0801fzv2douc.png,"two small, medium yellow round polyp, located in top right, bottom right of the image
",cju5yeqiwmkgl0801fzv2douc.png
cju77b3wyz4160755qis4ljsb.png,"one small white circle polyp, located in bottom of the image
",cju77b3wyz4160755qis4ljsb.png
cju3y21quj0ir0818kgjagr15.png,"one medium white round polyp, located in center of the image
",cju3y21quj0ir0818kgjagr15.png
cju45pm27n80u08174kyow1gj.png,"one medium white heart polyp, located in bottom right of the image
",cju45pm27n80u08174kyow1gj.png
cju8cbsyssiqj0871gr4jedjp.png,"one medium brown round polyp, located in top of the image
",cju8cbsyssiqj0871gr4jedjp.png
cju8bysfgrzkl081786jwac09.png,"one medium orange round polyp, located in right of the image
",cju8bysfgrzkl081786jwac09.png
cju8axq24r4an0755yhv9d4ly.png,"one small tan round polyp, located in right of the image
",cju8axq24r4an0755yhv9d4ly.png
cju7aqkue1i2k09879uzcpt8r.png,"one small white triangular polyp, located in right of the image
",cju7aqkue1i2k09879uzcpt8r.png
cju886ryxnsl50801r93jai7q.png,"one medium white round polyp, located in center of the image
",cju886ryxnsl50801r93jai7q.png
cju7b1ygu1msd0801hywhy0mc.png,"one medium white circle polyp, located in right of the image
",cju7b1ygu1msd0801hywhy0mc.png
cju0u2g7pmnux0801vkk47ivj.png,"two medium white round polyp, located in top left, center of the image
",cju0u2g7pmnux0801vkk47ivj.png
cju7fmvpk2q170987v6i3ola8.png,"one medium white round polyp, located in left of the image
",cju7fmvpk2q170987v6i3ola8.png
cju83nwu1jxte0987h1krpfmv.png,"one medium yellow round polyp, located in right of the image
",cju83nwu1jxte0987h1krpfmv.png
cju8a84g0q76m0818hwiggkod.png,"one large orange round polyp, located in center of the image
",cju8a84g0q76m0818hwiggkod.png
cju41r6v2lcww0871ps8k8pf5.png,"one medium white oval polyp, located in center of the image
",cju41r6v2lcww0871ps8k8pf5.png
cju5xjn5mm78b09871spyqhhr.png,"one medium white round polyp, located in top right of the image
",cju5xjn5mm78b09871spyqhhr.png
cjyzu9th0qt4r0a46pyl4zik0.png,"one small white round polyp, located in left of the image
",cjyzu9th0qt4r0a46pyl4zik0.png
cju85qefyln6v0850szeb9byi.png,"two large white round polyp, located in top left, right of the image
",cju85qefyln6v0850szeb9byi.png
cju6wjm81vgsc0987enk9n3pr.png,"one medium white round polyp, located in bottom of the image
",cju6wjm81vgsc0987enk9n3pr.png
cju5boicjagt20871b1fotkh4.png,"two large white round polyp, located in top left, right of the image
",cju5boicjagt20871b1fotkh4.png
cju6vifjlv55z0987un6y4zdo.png,"two large white round polyp, located in top left, center of the image
",cju6vifjlv55z0987un6y4zdo.png
cju34repocy5208780gswillm.png,"two medium white flat polyp, located in top left, bottom of the image
",cju34repocy5208780gswillm.png
cju5vwbr4lhqn0987a1pji0ux.png,"one small pink round polyp, located in bottom left of the image
",cju5vwbr4lhqn0987a1pji0ux.png
cju2yi9tz8vky0801yqip0xyl.png,"one medium white round polyp, located in center of the image
",cju2yi9tz8vky0801yqip0xyl.png
cju8apjewqrk00801k5d71gky.png,"one medium white round polyp, located in bottom right of the image
",cju8apjewqrk00801k5d71gky.png
cju7d3oc82cho0755dajlwldz.png,"one medium pink round polyp, located in center of the image
",cju7d3oc82cho0755dajlwldz.png
cju2p4ddkmzxj0993p94o62av.png,"one medium white round polyp, located in bottom of the image
",cju2p4ddkmzxj0993p94o62av.png
cju885ikhnmkn09878s2lqtuh.png,"one medium brown round polyp, located in center of the image
",cju885ikhnmkn09878s2lqtuh.png
cju2trbpkv0c00988hxla5dzz.png,"one medium orange round polyp, located in top of the image
",cju2trbpkv0c00988hxla5dzz.png
cju8b8yair65w09878pyqtr96.png,"two medium white round polyp, located in top left, bottom right of the image
",cju8b8yair65w09878pyqtr96.png
cju7fen322ou10817ziqkob4k.png,"three small, medium brown round polyp, located in top left, top left, right of the image
",cju7fen322ou10817ziqkob4k.png
cju8alhigqn2h0801zksudldd.png,"one medium brown round polyp, located in right of the image
",cju8alhigqn2h0801zksudldd.png
cju7fnfv02tt90801djnix9m8.png,"one small tan round polyp, located in center of the image
",cju7fnfv02tt90801djnix9m8.png
cju84hibuktj80871u519o71q.png,"one small white circle polyp, located in right of the image
",cju84hibuktj80871u519o71q.png
cju85dx63lic408017f0l0400.png,"one small white round polyp, located in center of the image
",cju85dx63lic408017f0l0400.png
cju33x0f22peh0988g0ln7w5v.png,"one small orange circle polyp, located in center of the image
",cju33x0f22peh0988g0ln7w5v.png
cju5knbbqfipk080128cggukq.png,"one large white circle polyp, located in right of the image
",cju5knbbqfipk080128cggukq.png
cju8d4jgatgpj0871q2ophhkm.png,"one medium pink round polyp, located in right of the image
",cju8d4jgatgpj0871q2ophhkm.png
cju858eswlepn0871pzvdrhj1.png,"two medium yellow round polyp, located in top left, bottom right of the image
",cju858eswlepn0871pzvdrhj1.png
cju7frtqu2xa20818wq8r9fzf.png,"two medium yellow round polyp, located in top left, bottom of the image
",cju7frtqu2xa20818wq8r9fzf.png
cju1g4nsb6ngy0799l4ezm8ab.png,"one medium orange round polyp, located in center of the image
",cju1g4nsb6ngy0799l4ezm8ab.png
cju302fqq9spc0878rrygyzzz.png,"one medium white round polyp, located in center of the image
",cju302fqq9spc0878rrygyzzz.png
cju306x7w05nb0835cunv799x.png,"one medium white round polyp, located in top of the image
",cju306x7w05nb0835cunv799x.png
cju33eqwbcch208012jikwdky.png,"one medium yellow round polyp, located in bottom right of the image
",cju33eqwbcch208012jikwdky.png
cju2omjpeqj5a0988pjdlb8l1.png,"one medium orange round polyp, located in center of the image
",cju2omjpeqj5a0988pjdlb8l1.png
cju5vcmrqla7i0817x4sp4pqw.png,"one small yellow round polyp, located in right of the image
",cju5vcmrqla7i0817x4sp4pqw.png
cju31y80qbawn0801twwm2l5s.png,"one medium orange round polyp, located in center of the image
",cju31y80qbawn0801twwm2l5s.png
cju6vta3kvazg0817qbeppjtm.png,"one medium red large polyp, located in right of the image
",cju6vta3kvazg0817qbeppjtm.png
cju85ia1slh220987y7c20sm2.png,"one small white circle polyp, located in right of the image
",cju85ia1slh220987y7c20sm2.png
cju7dhpsc2dnn0818025m6857.png,"two large red round polyp, located in top left, center of the image
",cju7dhpsc2dnn0818025m6857.png
cju77196iyshb0850ycbto50a.png,"one medium white round polyp, located in right of the image
",cju77196iyshb0850ycbto50a.png
cju5uzmaol56l0817flxh4w9p.png,"one small brown circle polyp, located in right of the image
",cju5uzmaol56l0817flxh4w9p.png
cju7deifq2fzn0755lc8idyh8.png,"one small brown round polyp, located in right of the image
",cju7deifq2fzn0755lc8idyh8.png
cju5fs6j6d8350801vglraq4u.png,"one medium white round polyp, located in center of the image
",cju5fs6j6d8350801vglraq4u.png
cju5k3j3uf6de0817hszzfr7n.png,"one small yellow circle polyp, located in center of the image
",cju5k3j3uf6de0817hszzfr7n.png
cju5wphwwlu3m0987hh3ltg88.png,"one small white triangular polyp, located in bottom right of the image
",cju5wphwwlu3m0987hh3ltg88.png
cju0vtox5ain6099360pu62rp.png,"one small white round polyp, located in top of the image
",cju0vtox5ain6099360pu62rp.png
cju5g163vd6mt0817uccuga6u.png,"one small white round polyp, located in bottom of the image
",cju5g163vd6mt0817uccuga6u.png
cju2np2k9zi3v079992ypxqkn.png,"one medium yellow triangular polyp, located in bottom of the image
",cju2np2k9zi3v079992ypxqkn.png
cju7d7tly27h408016fyp5nr7.png,"one medium yellow oval polyp, located in center of the image
",cju7d7tly27h408016fyp5nr7.png
cju35eg0tdmjt085525sb4bua.png,"one small brown round polyp, located in right of the image
",cju35eg0tdmjt085525sb4bua.png
cju1efbr0rqxz09931z0lf4vf.png,"one small white circle polyp, located in right of the image
",cju1efbr0rqxz09931z0lf4vf.png
cju3u815rg4ek0850vvhtcvcm.png,"one large orange round polyp, located in center of the image
",cju3u815rg4ek0850vvhtcvcm.png
cju0ue769mxii08019zqgdbxn.png,"one small orange kidney polyp, located in top of the image
",cju0ue769mxii08019zqgdbxn.png
cju7d7aut2a2p0818z4uxc6cd.png,"one small brown ovoid polyp, located in bottom right of the image
",cju7d7aut2a2p0818z4uxc6cd.png
cju5hjxaae3i40850h5z2laf5.png,"one medium white round polyp, located in center of the image
",cju5hjxaae3i40850h5z2laf5.png
cju7b3f5h1sm40755i572jden.png,"two medium white round polyp, located in top left, bottom right of the image
",cju7b3f5h1sm40755i572jden.png
cju2s16zp317h0799gr67jqc2.png,"one medium white round polyp, located in center of the image
",cju2s16zp317h0799gr67jqc2.png
cju85nr8elly209872w9n5m0s.png,"one small brown circle polyp, located in bottom of the image
",cju85nr8elly209872w9n5m0s.png
cju3tx1qyg0c907552fglumhc.png,"one small white ear polyp, located in top of the image
",cju3tx1qyg0c907552fglumhc.png
cju1haab178i70799tk9z8y8x.png,"one medium white round polyp, located in bottom of the image
",cju1haab178i70799tk9z8y8x.png
cju34xspwzenf0993cyzajv9n.png,"two small, medium orange round polyp, located in center, bottom right of the image
",cju34xspwzenf0993cyzajv9n.png
cju7aklv31h4309871m29l4e7.png,"one medium brown oval polyp, located in center of the image
",cju7aklv31h4309871m29l4e7.png
cju3yb47cj1xq0817zfotbni4.png,"one medium white round polyp, located in bottom of the image
",cju3yb47cj1xq0817zfotbni4.png
cju15jr8jz8sb0855ukmkswkz.png,"two large white round polyp, located in top left, right of the image
",cju15jr8jz8sb0855ukmkswkz.png
cju2t2ivz43i10878zeg8r1br.png,"one small brown circle polyp, located in center of the image
",cju2t2ivz43i10878zeg8r1br.png
cju2iatlki5u309930zmgkv6h.png,"two medium white round polyp, located in top left, right of the image
",cju2iatlki5u309930zmgkv6h.png
cju8djdqztu6408506pzhlo18.png,"one medium yellow round polyp, located in top right of the image
",cju8djdqztu6408506pzhlo18.png
cju8auylgqx0z0871u4o4db7o.png,"one small pink round polyp, located in top right of the image
",cju8auylgqx0z0871u4o4db7o.png
cju32fhnhbds40799broyoptc.png,"one small white oval polyp, located in center of the image
",cju32fhnhbds40799broyoptc.png
cju83kxitjv340987z09m0ezy.png,"one small white oval polyp, located in right of the image
",cju83kxitjv340987z09m0ezy.png
cju8bgdmqrksy0801tozdmraa.png,"one small brown round polyp, located in top of the image
",cju8bgdmqrksy0801tozdmraa.png
cju2zp89k9q1g0855k1x0f1xa.png,"one small white circle polyp, located in right of the image
",cju2zp89k9q1g0855k1x0f1xa.png
cju5ufn3skquf0818dhapnhba.png,"one small yellow round polyp, located in center of the image
",cju5ufn3skquf0818dhapnhba.png
cju1b3zgj3d8e0801kpolea6c.png,"one medium white round polyp, located in center of the image
",cju1b3zgj3d8e0801kpolea6c.png
cju5klveuff6w0871wbibgh3m.png,"one small white ovoid polyp, located in center of the image
",cju5klveuff6w0871wbibgh3m.png
cju2spdagu1l50835da1f46fr.png,"one small white round polyp, located in center of the image
",cju2spdagu1l50835da1f46fr.png
cju892fesoq2g0801n0e0jyia.png,"one medium white round polyp, located in center of the image
",cju892fesoq2g0801n0e0jyia.png
cju7d1tvt25bu08019dvw3uff.png,"two medium white round polyp, located in top left, bottom of the image
",cju7d1tvt25bu08019dvw3uff.png
cju6yxyt0wh080871sqpepu47.png,"one small white round polyp, located in center of the image
",cju6yxyt0wh080871sqpepu47.png
cju2sggy13na70855tbeoqgha.png,"one medium white round polyp, located in center of the image
",cju2sggy13na70855tbeoqgha.png
cju32gzs6xo8x0993r8tedbpb.png,"three small, medium white round polyp, located in top left, left, bottom right of the image
",cju32gzs6xo8x0993r8tedbpb.png
cju17bz250pgd0799u1hqkj5u.png,"one medium brown oval polyp, located in top of the image
",cju17bz250pgd0799u1hqkj5u.png
cju7d8m3b2e210755l8fj1yph.png,"one medium white round polyp, located in top right of the image
",cju7d8m3b2e210755l8fj1yph.png
cju42nm68lpyo0818xvvqmupq.png,"one medium white triangular polyp, located in left of the image
",cju42nm68lpyo0818xvvqmupq.png
cju1d31sp4d4k0878r3fr02ul.png,"one small brown oval polyp, located in right of the image
",cju1d31sp4d4k0878r3fr02ul.png
cju5xq3tdm9fn0987pbedxdg5.png,"one small white triangular polyp, located in bottom right of the image
",cju5xq3tdm9fn0987pbedxdg5.png
cju2i8br1vqtd08784u6vmcjk.png,"one medium yellow round polyp, located in bottom right of the image
",cju2i8br1vqtd08784u6vmcjk.png
cju7cq6su27qv075574dir0r3.png,"one medium white round polyp, located in center of the image
",cju7cq6su27qv075574dir0r3.png
cju7ahtkb1jr90801jck4kbds.png,"one medium pink oval polyp, located in bottom right of the image
",cju7ahtkb1jr90801jck4kbds.png
cju32upim1z7u0988l883nqp6.png,"one medium orange round polyp, located in right of the image
",cju32upim1z7u0988l883nqp6.png
cju5ht88gedbu0755xrcuddcx.png,"one medium white a thumb polyp, located in top of the image
",cju5ht88gedbu0755xrcuddcx.png
cju16whaj0e7n0855q7b6cjkm.png,"one medium white it is a triangular shape polyp, located in center of the image
",cju16whaj0e7n0855q7b6cjkm.png
cju7db7lp2f400755tntd1ohf.png,"two medium white round polyp, located in top left, right of the image
",cju7db7lp2f400755tntd1ohf.png
cju33za6l2qy70988jhrlp2ev.png,"one small white round polyp, located in left of the image
",cju33za6l2qy70988jhrlp2ev.png
cju3xuj20ivgp0818mij8bjrd.png,"one small white circle polyp, located in center of the image
",cju3xuj20ivgp0818mij8bjrd.png
cju2oq5570avm079959o20op1.png,"two medium white round polyp, located in top left, bottom right of the image
",cju2oq5570avm079959o20op1.png
cju2s9g11pnra0993gn4eh793.png,"two large yellow round polyp, located in top left, right of the image
",cju2s9g11pnra0993gn4eh793.png
cju7etr3y2p4t0801cdzjj8ab.png,"one small white circle polyp, located in center of the image
",cju7etr3y2p4t0801cdzjj8ab.png
cju84dsvaklpx098750hp83x4.png,"two large yellow round polyp, located in top left, center of the image
",cju84dsvaklpx098750hp83x4.png
cju1cbokpuiw70988j4lq1fpi.png,"one small white oval polyp, located in bottom of the image
",cju1cbokpuiw70988j4lq1fpi.png
cju2z9vlp9j0w0801oag91sy9.png,"one small white round polyp, located in center of the image
",cju2z9vlp9j0w0801oag91sy9.png
cju5udcufki0s09874ll1dbr5.png,"one medium red round polyp, located in bottom right of the image
",cju5udcufki0s09874ll1dbr5.png
cju2pag1f0s4r0878h52uq83s.png,"one small white round polyp, located in bottom of the image
",cju2pag1f0s4r0878h52uq83s.png
cju1gv7106qd008784gk603mg.png,"one medium pink it is round polyp, located in top right of the image
",cju1gv7106qd008784gk603mg.png
cju2igw4gvxds0878808qj398.png,"two large orange round polyp, located in top left, left of the image
",cju2igw4gvxds0878808qj398.png
cju1fb9236a110801yvg0fwju.png,"two large yellow triangular polyp, located in top left, center of the image
",cju1fb9236a110801yvg0fwju.png
cju88oh0po9gq0801nge4tgr1.png,"one small white oval polyp, located in right of the image
",cju88oh0po9gq0801nge4tgr1.png
cju7bgnvb1sf808717qa799ir.png,"one medium white oval polyp, located in center of the image
",cju7bgnvb1sf808717qa799ir.png
cju5thdbrjp1108715xdfx356.png,"one small white circle polyp, located in bottom of the image
",cju5thdbrjp1108715xdfx356.png
cju7bc95p1mdm0817yqj5jc6j.png,"one medium white round polyp, located in center of the image
",cju7bc95p1mdm0817yqj5jc6j.png
cju88itqbny720987hxizbj5y.png,"one medium yellow round polyp, located in center of the image
",cju88itqbny720987hxizbj5y.png
cju85mpuglq8k0818d2it6hzb.png,"one medium white round polyp, located in center of the image
",cju85mpuglq8k0818d2it6hzb.png
cjyzuio1qgh040763k56deohv.png,"one small brown circle polyp, located in center of the image
",cjyzuio1qgh040763k56deohv.png
cju2zm0axztpe0988r8s9twjr.png,"one small pink oval polyp, located in top of the image
",cju2zm0axztpe0988r8s9twjr.png
cju2zdvjn9h7r08553cp4eed5.png,"one small white circle polyp, located in left of the image
",cju2zdvjn9h7r08553cp4eed5.png
cju1hhj6mxfp90835n3wofrap.png,"one small white triangular polyp, located in center of the image
",cju1hhj6mxfp90835n3wofrap.png
cjyzl833ndne80838pzuq6ila.png,"one medium orange round polyp, located in center of the image
",cjyzl833ndne80838pzuq6ila.png
cju16d65tzw9d0799ouslsw25.png,"one small white circle polyp, located in center of the image
",cju16d65tzw9d0799ouslsw25.png
ck2bxskgxxzfv08386xkqtqdy.png,"two small white triangular polyp, located in top right, bottom right of the image
",ck2bxskgxxzfv08386xkqtqdy.png
cju8dpa89u6l80818dj6lldh9.png,"one medium white round polyp, located in bottom of the image
",cju8dpa89u6l80818dj6lldh9.png
cju2lberzkdzm09938cl40pog.png,"one medium white round polyp, located in center of the image
",cju2lberzkdzm09938cl40pog.png
cju5x00l6m5j608503k78ptee.png,"one large white circle polyp, located in center of the image
",cju5x00l6m5j608503k78ptee.png
cju34uhepd3dd0799hs8782ad.png,"one small yellow round polyp, located in center of the image
",cju34uhepd3dd0799hs8782ad.png
cju8914beokbf0850isxpocrk.png,"one small white circle polyp, located in right of the image
",cju8914beokbf0850isxpocrk.png
cju3xhpvvimda0987ygrpzni2.png,"one medium brown round polyp, located in right of the image
",cju3xhpvvimda0987ygrpzni2.png
cju3umoh1geet0817cmpef5am.png,"two medium yellow round polyp, located in top left, bottom of the image
",cju3umoh1geet0817cmpef5am.png
cju1ffnjn6ctm08015perkg37.png,"one medium yellow round polyp, located in right of the image
",cju1ffnjn6ctm08015perkg37.png
cju7flevb2wii08188otgs9p2.png,"two large yellow round polyp, located in top left, center of the image
",cju7flevb2wii08188otgs9p2.png
cju5b9oyda4yr0850g9viziyv.png,"one small white circle polyp, located in right of the image
",cju5b9oyda4yr0850g9viziyv.png
cju42py9mlqyd0818u3d1d7ga.png,"two medium yellow round polyp, located in top left, bottom right of the image
",cju42py9mlqyd0818u3d1d7ga.png
cju0qoxqj9q6s0835b43399p4.png,"one medium white circle polyp, located in center of the image
",cju0qoxqj9q6s0835b43399p4.png
cju5i5oh2efg60987ez6cpf72.png,"one medium orange round polyp, located in right of the image
",cju5i5oh2efg60987ez6cpf72.png
cju2m71z2ywwv080131bcrsd3.png,"one medium yellow round polyp, located in bottom of the image
",cju2m71z2ywwv080131bcrsd3.png
cju1hs0za7jha0855vj0mdrjt.png,"one medium yellow round polyp, located in center of the image
",cju1hs0za7jha0855vj0mdrjt.png
cju30k2z40ds308353kdew70n.png,"one medium tan round polyp, located in center of the image
",cju30k2z40ds308353kdew70n.png
cju857ad0l88m0817qx4cwxnf.png,"one medium red round polyp, located in center of the image
",cju857ad0l88m0817qx4cwxnf.png
cju0tl3uz8blh0993wxvn7ly3.png,"one small white triangular polyp, located in bottom of the image
",cju0tl3uz8blh0993wxvn7ly3.png
cju8bm24yrrdp081829mbo8ic.png,"one small yellow oval polyp, located in right of the image
",cju8bm24yrrdp081829mbo8ic.png
cju175facms5f0993a5tjikvt.png,"one medium white round polyp, located in center of the image
",cju175facms5f0993a5tjikvt.png
cju1gkndf6yi10801o1qnje19.png,"one medium white round polyp, located in left of the image
",cju1gkndf6yi10801o1qnje19.png
cju3xga12iixg0817dijbvjxw.png,"one medium white round polyp, located in top of the image
",cju3xga12iixg0817dijbvjxw.png
cju85omszllp30850b6rm9mi3.png,"one medium white triangular polyp, located in top right of the image
",cju85omszllp30850b6rm9mi3.png
cju7f4sc62xqj075597xpmuoy.png,"one medium white round polyp, located in right of the image
",cju7f4sc62xqj075597xpmuoy.png
cju1dg44i4z3w0801nyz4p6zf.png,"one small white round polyp, located in bottom of the image
",cju1dg44i4z3w0801nyz4p6zf.png
cju2otvvv0l7z0855x7we8cb0.png,"one small white triangular polyp, located in bottom of the image
",cju2otvvv0l7z0855x7we8cb0.png
cjyztzaqtrv430848l8xgcerw.png,"one medium white round polyp, located in right of the image
",cjyztzaqtrv430848l8xgcerw.png
cju7d5m0p23kn09871rk7pu3v.png,"two large white round polyp, located in top left, right of the image
",cju7d5m0p23kn09871rk7pu3v.png
cju5hwonqedw10801vsd3w6kk.png,"one medium orange thumb polyp, located in center of the image
",cju5hwonqedw10801vsd3w6kk.png
cju3ua8u0g9rg0801uayhdxhu.png,"one medium white round polyp, located in center of the image
",cju3ua8u0g9rg0801uayhdxhu.png
cju88cddensj00987788yotmg.png,"one small tan oval polyp, located in right of the image
",cju88cddensj00987788yotmg.png
ck2bxiswtxuw80838qkisqjwz.png,"one large white round polyp, located in center of the image
",ck2bxiswtxuw80838qkisqjwz.png
cju3xeexgii1j0817zs68tb4g.png,"one large white round polyp, located in right of the image
",cju3xeexgii1j0817zs68tb4g.png
cju334jzo261t0835yqudnfs1.png,"two medium yellow round polyp, located in top left, right of the image
",cju334jzo261t0835yqudnfs1.png
cju42dwedlmk60871jbgu4ehi.png,"one medium white round polyp, located in center of the image
",cju42dwedlmk60871jbgu4ehi.png
cju888fr7nveu0818r9uwtiit.png,"one medium white oval polyp, located in right of the image
",cju888fr7nveu0818r9uwtiit.png
cju2i3hzclw3o0988rrgh911i.png,"two large white round polyp, located in top left, center of the image
",cju2i3hzclw3o0988rrgh911i.png
cju8clorgsuwn08714toqb7v6.png,"one medium pink round polyp, located in left of the image
",cju8clorgsuwn08714toqb7v6.png
cju2nfnvxzdkd0878399axlco.png,"one medium pink round polyp, located in center of the image
",cju2nfnvxzdkd0878399axlco.png
cju8a3nhbpwnb0850d37fo2na.png,"one small orange oval polyp, located in top of the image
",cju8a3nhbpwnb0850d37fo2na.png
cju2hewssldzx0835ep795xu0.png,"one small brown round polyp, located in right of the image
",cju2hewssldzx0835ep795xu0.png
cju303j5r062k098835zxfds5.png,"one small brown round polyp, located in center of the image
",cju303j5r062k098835zxfds5.png
cju2srvy5440s0801y1ba9akr.png,"two large gray round polyp, located in top left, right of the image
",cju2srvy5440s0801y1ba9akr.png
cju5fw37edaae0801vkwvocn7.png,"one medium white oval polyp, located in center of the image
",cju5fw37edaae0801vkwvocn7.png
ck2395w2mb4vu07480otsu6tw.png,"one medium white round polyp, located in bottom right of the image
",ck2395w2mb4vu07480otsu6tw.png
cju5v8pgplg6k0755rvi2t63h.png,"one small brown oval polyp, located in center of the image
",cju5v8pgplg6k0755rvi2t63h.png
cju7ae7bq1f820987toc8si1d.png,"one small white heart polyp, located in top of the image
",cju7ae7bq1f820987toc8si1d.png
cju17z0qongpa0993de4boim4.png,"one small pink round polyp, located in right of the image
",cju17z0qongpa0993de4boim4.png
cju87nkyrnb970801q84m47yt.png,"one medium white round polyp, located in bottom right of the image
",cju87nkyrnb970801q84m47yt.png
cju76l27oyrw907551ri2a7fl.png,"one medium white round polyp, located in center of the image
",cju76l27oyrw907551ri2a7fl.png
cju84aoa3ktwn0755pfl4gfwd.png,"one large white round polyp, located in bottom right of the image
",cju84aoa3ktwn0755pfl4gfwd.png
cju2rz4k434s70855wwx3ddtx.png,"two small, medium orange round polyp, located in center, bottom left of the image
",cju2rz4k434s70855wwx3ddtx.png
cju43h43am1dy08176gwfhmnt.png,"one small brown circle polyp, located in center of the image
",cju43h43am1dy08176gwfhmnt.png
cju2rzpsmtb0f0835jabkbao1.png,"one small white circle polyp, located in center of the image
",cju2rzpsmtb0f0835jabkbao1.png
cju1ejj7dvqfa0835ra184v5m.png,"one medium white round polyp, located in right of the image
",cju1ejj7dvqfa0835ra184v5m.png
cju428k5fldt108177s6g6f45.png,"one medium white round polyp, located in top of the image
",cju428k5fldt108177s6g6f45.png
cju2yb31a8e8u0878wdashg7o.png,"one medium white round polyp, located in right of the image
",cju2yb31a8e8u0878wdashg7o.png
cju34aozyyy830993bn16u32n.png,"one medium brown round polyp, located in center of the image
",cju34aozyyy830993bn16u32n.png
cju34m7h536wq0988xz7gx79v.png,"two medium pink round polyp, located in top left, bottom of the image
",cju34m7h536wq0988xz7gx79v.png
cju7d4jk723eu0817bqz2n39m.png,"one medium yellow round polyp, located in right of the image
",cju7d4jk723eu0817bqz2n39m.png
cju2qvuj1s9ok0835tp2k4ozh.png,"one large brown round polyp, located in right of the image
",cju2qvuj1s9ok0835tp2k4ozh.png
cju5jx7jzf7c90871c2i9aiov.png,"one medium orange round polyp, located in center of the image
",cju5jx7jzf7c90871c2i9aiov.png
cju1euant5l960878iqj5vvto.png,"one small brown oval polyp, located in bottom right of the image
",cju1euant5l960878iqj5vvto.png
cju32a52lb9rc0799xi40qs00.png,"four small, medium yellow round polyp, located in top left, right, right, left of the image
",cju32a52lb9rc0799xi40qs00.png
cju2ueb6j5ado0878vf5md13o.png,"two small, medium white round polyp, located in top left, bottom right of the image
",cju2ueb6j5ado0878vf5md13o.png
cju2xa3i4y0160988i679zsqd.png,"one medium pink middle of donut polyp, located in right of the image
",cju2xa3i4y0160988i679zsqd.png
cju3xiic0ilzp0850lusrb42j.png,"one small white round polyp, located in center of the image
",cju3xiic0ilzp0850lusrb42j.png
cju88aq6vo1ij0755c2ey7z7n.png,"one medium yellow round polyp, located in right of the image
",cju88aq6vo1ij0755c2ey7z7n.png
cju7aifyo1p3n07552nxjx51f.png,"one small pink circle polyp, located in top of the image
",cju7aifyo1p3n07552nxjx51f.png
cju7f9umg2olj0987fj5y285w.png,"one medium brown round polyp, located in right of the image
",cju7f9umg2olj0987fj5y285w.png
cju77bvg0yv4r0987yh60xmjo.png,"one small tan round polyp, located in center of the image
",cju77bvg0yv4r0987yh60xmjo.png
cju3ttznuftyf09875t11850w.png,"one medium white oval polyp, located in right of the image
",cju3ttznuftyf09875t11850w.png
cju6xa0qmvzun0818xjukgncj.png,"one medium tan round polyp, located in center of the image
",cju6xa0qmvzun0818xjukgncj.png
cju30j1rgadut0801vuyrsnt8.png,"one small red circle polyp, located in center of the image
",cju30j1rgadut0801vuyrsnt8.png
cju30ftgja7170855xl9bkdm0.png,"one medium orange round polyp, located in center of the image
",cju30ftgja7170855xl9bkdm0.png
cjyzkpsbjdsjq07211dfi4sru.png,"one small white triangular polyp, located in top of the image
",cjyzkpsbjdsjq07211dfi4sru.png
cju2yo1j1v0qz09934o0e683p.png,"two large yellow round polyp, located in top left, right of the image
",cju2yo1j1v0qz09934o0e683p.png
cju7apr0c1qqm0755s7msqot4.png,"one medium brown round polyp, located in center of the image
",cju7apr0c1qqm0755s7msqot4.png
cju8ayeq7r1fb0818z1junacy.png,"one small brown circle polyp, located in center of the image
",cju8ayeq7r1fb0818z1junacy.png
cju2ti1du4idn0878giuozonw.png,"one medium white circle polyp, located in right of the image
",cju2ti1du4idn0878giuozonw.png
cju3u1c8tfyqx08503iedc3mx.png,"one medium brown circle polyp, located in center of the image
",cju3u1c8tfyqx08503iedc3mx.png
cju887ftknop008177nnjt46y.png,"one small white circle polyp, located in center of the image
",cju887ftknop008177nnjt46y.png
cju2tpfa5uyx408359datxqqj.png,"one medium white round polyp, located in center of the image
",cju2tpfa5uyx408359datxqqj.png
cju88vx2uoocy075531lc63n3.png,"one small tan round polyp, located in bottom of the image
",cju88vx2uoocy075531lc63n3.png
cju1fjsb4sipq09931lvd8e41.png,"one small yellow round polyp, located in bottom of the image
",cju1fjsb4sipq09931lvd8e41.png
cju1dq3x1vgx109889c7wyirg.png,"one medium white round polyp, located in center of the image
",cju1dq3x1vgx109889c7wyirg.png
cju5uhrdwkmsu0817ervv91l8.png,"one small white circle polyp, located in top right of the image
",cju5uhrdwkmsu0817ervv91l8.png
cju5tgbzhjllu08174ca41eus.png,"one medium white round polyp, located in center of the image
",cju5tgbzhjllu08174ca41eus.png
cju2t3ibkuecr0835o7si16zv.png,"one small white circle polyp, located in center of the image
",cju2t3ibkuecr0835o7si16zv.png
cju7cp6dw244p0818gncdol4m.png,"one small white circle polyp, located in right of the image
",cju7cp6dw244p0818gncdol4m.png
cju35a77vdj4n08556jj2lgmc.png,"one medium white round polyp, located in center of the image
",cju35a77vdj4n08556jj2lgmc.png
cju8bw697rwg308177tg8huas.png,"one large yellow round polyp, located in center of the image
",cju8bw697rwg308177tg8huas.png
cju2sszfq3uye0878sucelzk2.png,"two large white circle polyp, located in top left, right of the image
",cju2sszfq3uye0878sucelzk2.png
cju2tjrog4jy30878pawyazqc.png,"one medium white triangular polyp, located in right of the image
",cju2tjrog4jy30878pawyazqc.png
cju1c0qb4tzi308355wtsnp0y.png,"one large white round polyp, located in center of the image
",cju1c0qb4tzi308355wtsnp0y.png
cju8dm2cau2km0818jsv9eeq2.png,"two medium white round polyp, located in top left, bottom of the image
",cju8dm2cau2km0818jsv9eeq2.png
cju8bff9nrfi10850fmfzbf8v.png,"one medium white round polyp, located in bottom of the image
",cju8bff9nrfi10850fmfzbf8v.png
cju783tmkzkqu081803g7q5vk.png,"one medium yellow round polyp, located in center of the image
",cju783tmkzkqu081803g7q5vk.png
cju3xwpgviwlx0871rwm15q7v.png,"one small white round polyp, located in center of the image
",cju3xwpgviwlx0871rwm15q7v.png
cju5hyi9yegob0755ho3do8en.png,"two small brown round polyp, located in top, right of the image
",cju5hyi9yegob0755ho3do8en.png
cju35740hzm0g0993zl5ic246.png,"one small white circle polyp, located in bottom of the image
",cju35740hzm0g0993zl5ic246.png
cju2oi8sq0i2y0801mektzvw8.png,"two large yellow round polyp, located in top left, center of the image
",cju2oi8sq0i2y0801mektzvw8.png
cju6v1m1xv07w09870ah3njy1.png,"two small yellow round polyp, located in top, right of the image
",cju6v1m1xv07w09870ah3njy1.png
cju5vgawslbe30987ndeepc1b.png,"one large white round polyp, located in right of the image
",cju5vgawslbe30987ndeepc1b.png
cju35i2e63uxr0835h7zgkg9k.png,"one medium white round polyp, located in center of the image
",cju35i2e63uxr0835h7zgkg9k.png
cju2top2ruxxy0988p1svx36g.png,"one medium pink round polyp, located in right of the image
",cju2top2ruxxy0988p1svx36g.png
cju1alwgo30z60855fm3y23sm.png,"one medium white round polyp, located in right of the image
",cju1alwgo30z60855fm3y23sm.png
cju40u30gkuzc0871rq7t666d.png,"one small tan oval polyp, located in top of the image
",cju40u30gkuzc0871rq7t666d.png
cju15l5ubz9yh0855b3ivdpse.png,"one small white triangular polyp, located in center of the image
",cju15l5ubz9yh0855b3ivdpse.png
cju17v6ih0u7808783zcbg1jy.png,"two large red round polyp, located in top left, center of the image
",cju17v6ih0u7808783zcbg1jy.png
cju7fpfzq2wyf0818xxd1oziv.png,"two medium white round polyp, located in top left, center of the image
",cju7fpfzq2wyf0818xxd1oziv.png
cju7ap09p1kz10850ldccjebj.png,"one small white round polyp, located in right of the image
",cju7ap09p1kz10850ldccjebj.png
cju3x4blzieu30850x10uuvbm.png,"two small white circle polyp, located in top right, center of the image
",cju3x4blzieu30850x10uuvbm.png
cju7f0ec32txj08184asb8w5f.png,"one small white round polyp, located in right of the image
",cju7f0ec32txj08184asb8w5f.png
cju5fi0yxd3ei0801v7u0yudn.png,"one small white triangular polyp, located in right of the image
",cju5fi0yxd3ei0801v7u0yudn.png
cju2qs32r1vys07999conmbvx.png,"one small pink circle polyp, located in right of the image
",cju2qs32r1vys07999conmbvx.png
cju2nyc5f02m40801ojqbtiea.png,"two medium white round polyp, located in top left, bottom of the image
",cju2nyc5f02m40801ojqbtiea.png
cju42m60jlpcm08186kqppzqv.png,"two small white round polyp, located in top left, right of the image
",cju42m60jlpcm08186kqppzqv.png
cju5c7oijaqmq09878qwgqv8n.png,"one medium white round polyp, located in center of the image
",cju5c7oijaqmq09878qwgqv8n.png
cju15wdt3zla10801odjiw7sy.png,"two medium white it is a round shape polyp, located in top left, bottom right of the image
",cju15wdt3zla10801odjiw7sy.png
cju88rl5eo94l0850kf5wtrm1.png,"one medium white round polyp, located in center of the image
",cju88rl5eo94l0850kf5wtrm1.png
cju77j66ez52p08019xygi0co.png,"one small white triangular polyp, located in center of the image
",cju77j66ez52p08019xygi0co.png
cju8cj10qsrau0871o2dr6ai1.png,"one small tan round polyp, located in top of the image
",cju8cj10qsrau0871o2dr6ai1.png
cju7fq7mm2pw508176uk5ugtx.png,"one medium white round polyp, located in top of the image
",cju7fq7mm2pw508176uk5ugtx.png
cju7ez7r22qbc08015xfoz2wb.png,"two large white round polyp, located in top left, top of the image
",cju7ez7r22qbc08015xfoz2wb.png
cju40jl7skiuo0817p0smlgg8.png,"one large white a nail polyp, located in right of the image
",cju40jl7skiuo0817p0smlgg8.png
cju45ty6zn9oz0850qy4qnck1.png,"one medium white circle polyp, located in right of the image
",cju45ty6zn9oz0850qy4qnck1.png
cju2rn0hasxri0835nfy3buay.png,"one small white circle polyp, located in bottom of the image
",cju2rn0hasxri0835nfy3buay.png
cju2zi4l09f5807991s8do2b2.png,"one medium orange round polyp, located in center of the image
",cju2zi4l09f5807991s8do2b2.png
cju424hy5lckr085073fva1ok.png,"one medium yellow round polyp, located in center of the image
",cju424hy5lckr085073fva1ok.png
cju77u1sjz77b0817ft44r3fk.png,"one medium pink it is round polyp, located in center of the image
",cju77u1sjz77b0817ft44r3fk.png
cju1h5w4wxajx0835mc954kxy.png,"one medium white round polyp, located in center of the image
",cju1h5w4wxajx0835mc954kxy.png
cju8b7aqtr4a00987coba14b7.png,"one small white triangular polyp, located in top of the image
",cju8b7aqtr4a00987coba14b7.png
cju2pmhtr17a00855cvpelzb0.png,"one medium pink circle polyp, located in bottom right of the image
",cju2pmhtr17a00855cvpelzb0.png
cju8b4ja9r2s808509d45ma86.png,"one medium brown round polyp, located in center of the image
",cju8b4ja9r2s808509d45ma86.png
cju84ih17kp5l09876bkooocl.png,"one medium pink round polyp, located in right of the image
",cju84ih17kp5l09876bkooocl.png
cju7ajnbo1gvm098749rdouk0.png,"two medium white round polyp, located in top left, top of the image
",cju7ajnbo1gvm098749rdouk0.png
cju35atpxdjot0855q46aqrd0.png,"two small brown kidney polyp, located in top left, top of the image
",cju35atpxdjot0855q46aqrd0.png
cju2z45kuzf6d0988nz2c819m.png,"one small yellow round polyp, located in center of the image
",cju2z45kuzf6d0988nz2c819m.png
cju1hmff8tkp809931jps6fbr.png,"two large yellow round polyp, located in top left, right of the image
",cju1hmff8tkp809931jps6fbr.png
cju8b1v3br45u087189kku66u.png,"two medium yellow large polyp, located in top left, bottom right of the image
",cju8b1v3br45u087189kku66u.png
cju88nroho44508500129f1nh.png,"one small pink round polyp, located in center of the image
",cju88nroho44508500129f1nh.png
cju3tp94kfstl08181awh6z49.png,"one large pink round polyp, located in center of the image
",cju3tp94kfstl08181awh6z49.png
cju30lncba3ny0878jwnous8n.png,"one small yellow oval polyp, located in top of the image
",cju30lncba3ny0878jwnous8n.png
cju3521y5d5mq0878t3ezsu4p.png,"one small brown oval polyp, located in right of the image
",cju3521y5d5mq0878t3ezsu4p.png
cju7da88w2eod0755wejzynvt.png,"one small white circle polyp, located in top right of the image
",cju7da88w2eod0755wejzynvt.png
cju1dnz61vfp40988e78bkjga.png,"one small brown round polyp, located in top right of the image
",cju1dnz61vfp40988e78bkjga.png
cju83qd0yjyht0817ktkfl268.png,"one large white round polyp, located in center of the image
",cju83qd0yjyht0817ktkfl268.png
cju3v0fl3gwce0755qkjhzmd4.png,"one medium pink round polyp, located in right of the image
",cju3v0fl3gwce0755qkjhzmd4.png
cju43lcnum9y10755bjs7z87f.png,"one small orange circle polyp, located in center of the image
",cju43lcnum9y10755bjs7z87f.png
cju5fydrud94708507vo6oy21.png,"one large white round polyp, located in right of the image
",cju5fydrud94708507vo6oy21.png
cju430pm2lz0y0755jkhcc3d1.png,"three small, medium yellow round polyp, located in top left, right, bottom of the image
",cju430pm2lz0y0755jkhcc3d1.png
cju34fojcctcf0799ebolbvkn.png,"one small pink oval polyp, located in top right of the image
",cju34fojcctcf0799ebolbvkn.png
cju2mh8t6p07008350e01tx2a.png,"one small white round polyp, located in center of the image
",cju2mh8t6p07008350e01tx2a.png
cju5tenjojp1j0755ms4949h2.png,"one medium brown round polyp, located in center of the image
",cju5tenjojp1j0755ms4949h2.png
cju2uokeg5jm20799xwgsyz89.png,"one large tan round polyp, located in center of the image
",cju2uokeg5jm20799xwgsyz89.png
cju5y4hgqmk0i08180rjhbwvp.png,"one medium brown circle polyp, located in center of the image
",cju5y4hgqmk0i08180rjhbwvp.png
cju3xjqtpikx50817tppy6g84.png,"one medium yellow round polyp, located in right of the image
",cju3xjqtpikx50817tppy6g84.png
cju1fyb1d69et0878muzdak9u.png,"one medium white round polyp, located in center of the image
",cju1fyb1d69et0878muzdak9u.png
cju3uwz6ogsp10801h2r3bj5l.png,"one small white round polyp, located in center of the image
",cju3uwz6ogsp10801h2r3bj5l.png
cju6vgdmivcvb08018fra5lnv.png,"one medium orange round polyp, located in right of the image
",cju6vgdmivcvb08018fra5lnv.png
cju5uxjnol2r509871qv2yeia.png,"one small white triangular polyp, located in top right of the image
",cju5uxjnol2r509871qv2yeia.png
cju2hugv9vget0799hhk7ksvg.png,"one small white round polyp, located in center of the image
",cju2hugv9vget0799hhk7ksvg.png
cju16ach3m1da0993r1dq3sn2.png,"one medium white heart polyp, located in center of the image
",cju16ach3m1da0993r1dq3sn2.png
cju7dp3dw2k4n0755zhe003ad.png,"one small yellow triangular polyp, located in bottom right of the image
",cju7dp3dw2k4n0755zhe003ad.png
cju3y0pjrj1c30755nxekxccj.png,"one small white round polyp, located in top right of the image
",cju3y0pjrj1c30755nxekxccj.png
cju2y5zas8m7f0801d34g5owq.png,"three small, medium brown toe polyp, located in top left, top right, left of the image
",cju2y5zas8m7f0801d34g5owq.png
cju83yddek68q0850d2x7zfkm.png,"one medium white round polyp, located in center of the image
",cju83yddek68q0850d2x7zfkm.png
cju88k75inzyb0850ccv5x3vk.png,"two medium white round polyp, located in top left, top of the image
",cju88k75inzyb0850ccv5x3vk.png
cju7dvl5m2n4t0755hlnnjjet.png,"one small brown circle polyp, located in right of the image
",cju7dvl5m2n4t0755hlnnjjet.png
cju33yemn2qb20988wfjxximx.png,"one small tan round polyp, located in right of the image
",cju33yemn2qb20988wfjxximx.png
cju849c23kgnk0817cgv2hw1e.png,"one small tan round polyp, located in left of the image
",cju849c23kgnk0817cgv2hw1e.png
cju3y9difj6th0801kd1rqm3w.png,"two medium white round polyp, located in top left, bottom right of the image
",cju3y9difj6th0801kd1rqm3w.png
cju8c5223s8j80850b4kealt4.png,"one small white triangular polyp, located in top right of the image
",cju8c5223s8j80850b4kealt4.png
cju30xqmh0ni00835ix3batv1.png,"one medium orange round polyp, located in center of the image
",cju30xqmh0ni00835ix3batv1.png
cju1hp9i2xu8e0988u2dazk7m.png,"one medium white round polyp, located in right of the image
",cju1hp9i2xu8e0988u2dazk7m.png
cju2zr3c3vwb00993jn06bbaz.png,"one small white oval polyp, located in center of the image
",cju2zr3c3vwb00993jn06bbaz.png
cju41z76wlgbz0801qdetlvby.png,"one medium white oval polyp, located in center of the image
",cju41z76wlgbz0801qdetlvby.png
cju0qkwl35piu0993l0dewei2.png,"one medium white round polyp, located in top of the image
",cju0qkwl35piu0993l0dewei2.png
cju5nxkujgscq0817l9gss626.png,"two medium white round polyp, located in top left, bottom of the image
",cju5nxkujgscq0817l9gss626.png
cju2txjfzv60w098839dcimys.png,"one medium yellow it is round polyp, located in center of the image
",cju2txjfzv60w098839dcimys.png
cju87xn2snfmv0987sc3d9xnq.png,"two medium yellow triangular polyp, located in top left, bottom of the image
",cju87xn2snfmv0987sc3d9xnq.png
cju30qbm1ad3x0855znuhpz9u.png,"two large brown round polyp, located in top left, center of the image
",cju30qbm1ad3x0855znuhpz9u.png
cju6x0yqbvxqt0755dhxislgb.png,"one medium yellow round polyp, located in top right of the image
",cju6x0yqbvxqt0755dhxislgb.png
cju2zxja9w1eh09933609ho9z.png,"one small tan oval polyp, located in right of the image
",cju2zxja9w1eh09933609ho9z.png
cju8c9akjsdjj0850s67uzlxq.png,"one medium yellow round polyp, located in center of the image
",cju8c9akjsdjj0850s67uzlxq.png
cju8arof2qpf20850ifr1bnqj.png,"one medium tan round polyp, located in center of the image
",cju8arof2qpf20850ifr1bnqj.png
cju8b3ka8r64u0801fh18hk7l.png,"one small white oval polyp, located in left of the image
",cju8b3ka8r64u0801fh18hk7l.png
cju6wt9jvvn500871hjn3t3g0.png,"one medium brown round polyp, located in right of the image
",cju6wt9jvvn500871hjn3t3g0.png
cju2zgbj9zmrw0835nnlzxj4c.png,"one large pink round polyp, located in center of the image
",cju2zgbj9zmrw0835nnlzxj4c.png
cju7alcgr1lsr0871riqk84z7.png,"one medium yellow round polyp, located in top right of the image
",cju7alcgr1lsr0871riqk84z7.png
cju34eqjpcpm508788b3lhp97.png,"one medium orange oval polyp, located in right of the image
",cju34eqjpcpm508788b3lhp97.png
cju2x7vw87mu30878hye2ca0m.png,"one medium white round polyp, located in bottom right of the image
",cju2x7vw87mu30878hye2ca0m.png
cju5huurrecm70801y680y13m.png,"one medium yellow round polyp, located in bottom right of the image
",cju5huurrecm70801y680y13m.png
cju85a8h8llwm07559wxg4t5w.png,"one small white round polyp, located in center of the image
",cju85a8h8llwm07559wxg4t5w.png
cju7amjna1ly40871ugiokehb.png,"one medium white circle polyp, located in right of the image
",cju7amjna1ly40871ugiokehb.png
cju16fpvhzypl0799p9phnlx6.png,"one medium orange round polyp, located in right of the image
",cju16fpvhzypl0799p9phnlx6.png
cju5yclrymlgj0818k426ud6z.png,"one medium yellow round polyp, located in right of the image
",cju5yclrymlgj0818k426ud6z.png
cju8aw9n1qyg10801jkjlmors.png,"one medium yellow round polyp, located in right of the image
",cju8aw9n1qyg10801jkjlmors.png
cju13cgqmnhwn0988yrainhcp.png,"one medium pink round polyp, located in bottom of the image
",cju13cgqmnhwn0988yrainhcp.png
cju412uwlkva50850d1ps1ww7.png,"one large white round polyp, located in center of the image
",cju412uwlkva50850d1ps1ww7.png
cju30bmab08bi0835mvlr6e0r.png,"one medium white round polyp, located in center of the image
",cju30bmab08bi0835mvlr6e0r.png
cju772304yw5t0818vbw8kkjf.png,"one small white circle polyp, located in right of the image
",cju772304yw5t0818vbw8kkjf.png
cju18kevfrojc0835bn90f1in.png,"one small white circle polyp, located in bottom of the image
",cju18kevfrojc0835bn90f1in.png
cju7ey10f2rvf0871bwbi9x82.png,"one small brown oval polyp, located in center of the image
",cju7ey10f2rvf0871bwbi9x82.png
cju5f26ebcuai0818xlwh6116.png,"one small brown circle polyp, located in top right of the image
",cju5f26ebcuai0818xlwh6116.png
cju5xopi0md7q0871r1sjc1av.png,"one medium white circle polyp, located in right of the image
",cju5xopi0md7q0871r1sjc1av.png
cju7b10ce1mnm08011c5bwyr4.png,"one medium white round polyp, located in right of the image
",cju7b10ce1mnm08011c5bwyr4.png
cju1fj6axwfp30835ukhuzhw9.png,"two medium white round polyp, located in top left, right of the image
",cju1fj6axwfp30835ukhuzhw9.png
cju33qpdvc9g0087825jhf3s9.png,"one small white round polyp, located in center of the image
",cju33qpdvc9g0087825jhf3s9.png
cju1dfeupuzlw0835gnxip369.png,"one small pink circle polyp, located in center of the image
",cju1dfeupuzlw0835gnxip369.png
cju6vucxvvlda0755j7msqnya.png,"two small white round polyp, located in top, right of the image
",cju6vucxvvlda0755j7msqnya.png
cju7adqyj1jcx08712r1ro5gx.png,"one medium pink round polyp, located in center of the image
",cju7adqyj1jcx08712r1ro5gx.png
cju6uy20suzbl0987rzuhz7z9.png,"one medium white circle polyp, located in center of the image
",cju6uy20suzbl0987rzuhz7z9.png
cju5ccpvqash50850kb4bs22k.png,"one medium white round polyp, located in center of the image
",cju5ccpvqash50850kb4bs22k.png
cju2zrojo9kcd0878ld2epejq.png,"one small pink oval polyp, located in top right of the image
",cju2zrojo9kcd0878ld2epejq.png
cju84kplnl1y30755ropua1b0.png,"one large orange round polyp, located in center of the image
",cju84kplnl1y30755ropua1b0.png
cju2zkpdl9h7t0799ix60teqg.png,"one small white circle polyp, located in right of the image
",cju2zkpdl9h7t0799ix60teqg.png
cju88y1mwoln50871emyfny1g.png,"two large white round polyp, located in top left, center of the image
",cju88y1mwoln50871emyfny1g.png
cju17r8il13910799dr2wme2e.png,"one small white circle polyp, located in right of the image
",cju17r8il13910799dr2wme2e.png
cju30gxjq0djk0988jytm49rs.png,"one small white oval polyp, located in right of the image
",cju30gxjq0djk0988jytm49rs.png
cju31rb7vb6110801p9rhacuw.png,"one small brown oval polyp, located in right of the image
",cju31rb7vb6110801p9rhacuw.png
cju3x2s11ibzi0817kk284k0j.png,"one medium white round polyp, located in center of the image
",cju3x2s11ibzi0817kk284k0j.png
cju2trtjf4qjd0878a2zle9v9.png,"one small white triangular polyp, located in center of the image
",cju2trtjf4qjd0878a2zle9v9.png
cju7fbndk2sl608015ravktum.png,"one medium white oval polyp, located in center of the image
",cju7fbndk2sl608015ravktum.png
cju5k503sfa5f0871lx0rpu5y.png,"one medium brown kidney polyp, located in right of the image
",cju5k503sfa5f0871lx0rpu5y.png
cju3xl264ingx0850rcf0rshj.png,"one medium tan round polyp, located in right of the image
",cju3xl264ingx0850rcf0rshj.png
cju7dqcwi2dz00850gcmr2ert.png,"one small white circle polyp, located in bottom of the image
",cju7dqcwi2dz00850gcmr2ert.png
cju2sevf53lkx08558h5bpaig.png,"one medium yellow round polyp, located in right of the image
",cju2sevf53lkx08558h5bpaig.png
cju88l66no10s0850rsda7ej1.png,"two large white round polyp, located in top left, center of the image
",cju88l66no10s0850rsda7ej1.png
cju2m56cryvqd0801gtn2yp8t.png,"one small white circle polyp, located in left of the image
",cju2m56cryvqd0801gtn2yp8t.png
cju5wkonqlrl409877y8zvnub.png,"one medium yellow round polyp, located in right of the image
",cju5wkonqlrl409877y8zvnub.png
ck2da7fwcjfis07218r1rvm95.png,"one small white circle polyp, located in center of the image
",ck2da7fwcjfis07218r1rvm95.png
cju8azmhcr66e0755t61atz72.png,"one medium yellow round polyp, located in center of the image
",cju8azmhcr66e0755t61atz72.png
cju2suk42469908015ngmq6f2.png,"one medium yellow round polyp, located in center of the image
",cju2suk42469908015ngmq6f2.png
cju2t9tdwuk700835kv0ljmtl.png,"one medium white round polyp, located in left of the image
",cju2t9tdwuk700835kv0ljmtl.png
cju0s2a9ekvms080138tjjpxr.png,"two medium orange round polyp, located in top left, right of the image
",cju0s2a9ekvms080138tjjpxr.png
cju42xpi8lw4w0871ve317a1p.png,"one medium white circle polyp, located in center of the image
",cju42xpi8lw4w0871ve317a1p.png
cju89y9h0puti0818i5yw29e6.png,"one medium white round polyp, located in left of the image
",cju89y9h0puti0818i5yw29e6.png
cju2zblxw9848087853csbrx1.png,"one medium white it is round polyp, located in right of the image
",cju2zblxw9848087853csbrx1.png
cju7eotqi2qea0871y8yc7tqh.png,"two large brown round polyp, located in top left, center of the image
",cju7eotqi2qea0871y8yc7tqh.png
cju5y7buemcw80987p0r30g9f.png,"one medium white round polyp, located in left of the image
",cju5y7buemcw80987p0r30g9f.png
cju6z9a9kwsl007552s49rx6i.png,"three small, medium white round polyp, located in top left, center, bottom of the image
",cju6z9a9kwsl007552s49rx6i.png
cju2wx0gh7fpz0878wwyd9ep8.png,"one small white oval polyp, located in right of the image
",cju2wx0gh7fpz0878wwyd9ep8.png
cju7afqon1ip40850ue2308b6.png,"one small pink oval polyp, located in right of the image
",cju7afqon1ip40850ue2308b6.png
cju1cvkfwqrec0993wbp1jlzm.png,"one small yellow oval polyp, located in bottom of the image
",cju1cvkfwqrec0993wbp1jlzm.png
cjyzkmjy8evns070165gf9dmq.png,"one medium white oval polyp, located in center of the image
",cjyzkmjy8evns070165gf9dmq.png
cju1dhfok4mhe0878jlgrag0h.png,"one small tan oval polyp, located in center of the image
",cju1dhfok4mhe0878jlgrag0h.png
cju0rx1idathl0835detmsp84.png,"one small white round polyp, located in right of the image
",cju0rx1idathl0835detmsp84.png
cjyzjzssvd8pq0838f4nolj5l.png,"two small white triangular polyp, located in left, top left of the image
",cjyzjzssvd8pq0838f4nolj5l.png
cju5kre09fhka0850h7b1898j.png,"one small brown round polyp, located in right of the image
",cju5kre09fhka0850h7b1898j.png
cju1brhsj3rls0855a1vgdlen.png,"one small white circle polyp, located in center of the image
",cju1brhsj3rls0855a1vgdlen.png
cju77vvcwzcm50850lzoykuva.png,"one small white heart polyp, located in bottom of the image
",cju77vvcwzcm50850lzoykuva.png
cju1erep75us208553i4ofwwe.png,"one medium tan round polyp, located in center of the image
",cju1erep75us208553i4ofwwe.png
cju1f320ewfyu0988ndz6blh5.png,"one medium white round polyp, located in bottom of the image
",cju1f320ewfyu0988ndz6blh5.png
cju410dnfl0960755y8lu8d79.png,"one medium pink round polyp, located in center of the image
",cju410dnfl0960755y8lu8d79.png
cju8cattbsivm0818p446wgel.png,"one large white round polyp, located in center of the image
",cju8cattbsivm0818p446wgel.png
cju5bbtwsa8cl0987wgfsqpao.png,"one medium pink oval polyp, located in right of the image
",cju5bbtwsa8cl0987wgfsqpao.png
cju5uget8krjy0818kvywd0zu.png,"one small brown heart shape polyp, located in right of the image
",cju5uget8krjy0818kvywd0zu.png
cju6vvxsev9y30987kespucdg.png,"one small tan round polyp, located in top right of the image
",cju6vvxsev9y30987kespucdg.png
cju40sdwukv3k0755y99ug1k8.png,"one medium brown round polyp, located in center of the image
",cju40sdwukv3k0755y99ug1k8.png
cju5cjh3xattc0817j2vbulzi.png,"two small white it is round polyp, located in top, right of the image
",cju5cjh3xattc0817j2vbulzi.png
cju8d2q30tfhs0801n7lx77xl.png,"one medium white round polyp, located in bottom right of the image
",cju8d2q30tfhs0801n7lx77xl.png
cju32pzh9bpw10855q4vaxfhe.png,"one small white round polyp, located in top of the image
",cju32pzh9bpw10855q4vaxfhe.png
cjyzlw7f9faqr070129au64sq.png,"one medium yellow circle polyp, located in center of the image
",cjyzlw7f9faqr070129au64sq.png
cju6vrs1ov8cr098788h8gs6j.png,"one small tan heart polyp, located in center of the image
",cju6vrs1ov8cr098788h8gs6j.png
cju33w4sdcivk0855x879zht7.png,"one small tan oval polyp, located in center of the image
",cju33w4sdcivk0855x879zht7.png
cju2rkjfwoxys0993x768l1j2.png,"one medium white round polyp, located in center of the image
",cju2rkjfwoxys0993x768l1j2.png
cju8buos5rz9b08715lfr0f4f.png,"two medium white round polyp, located in top left, top right of the image
",cju8buos5rz9b08715lfr0f4f.png
cju1g20bdwq6u0835e16xugcd.png,"one medium white kidney polyp, located in right of the image
",cju1g20bdwq6u0835e16xugcd.png
cju6z2616wqbk07555bvnuyr1.png,"one medium yellow oval polyp, located in bottom of the image
",cju6z2616wqbk07555bvnuyr1.png
cju2lcyfgkf5809932fn9gucn.png,"one small brown round polyp, located in center of the image
",cju2lcyfgkf5809932fn9gucn.png
cju1cfhyg48bb0799cl5pr2jh.png,"one medium white round polyp, located in right of the image
",cju1cfhyg48bb0799cl5pr2jh.png
cju40m0rjkpw80871z6n6yg1u.png,"two small, medium white round polyp, located in top right, center of the image
",cju40m0rjkpw80871z6n6yg1u.png
cju77afzlz3kp07550x5nafzs.png,"two large orange round polyp, located in top left, top left of the image
",cju77afzlz3kp07550x5nafzs.png
cju1f15k3w4ct0835cmde6ypo.png,"one medium tan round polyp, located in bottom right of the image
",cju1f15k3w4ct0835cmde6ypo.png
cju5xneamme2p0801qdf7fdwv.png,"one small red heart polyp, located in top of the image
",cju5xneamme2p0801qdf7fdwv.png
cju77q10sz9ug0801449wu1nu.png,"one medium white round polyp, located in top right of the image
",cju77q10sz9ug0801449wu1nu.png
cju43c92lm5cj0755lorsorfg.png,"three small white heart polyp, located in top right, top right, center of the image
",cju43c92lm5cj0755lorsorfg.png
cju1d50a94qf50855wsowacrc.png,"one small white a circle polyp, located in bottom right of the image
",cju1d50a94qf50855wsowacrc.png
cju87q6yoneim0871dl4phvkd.png,"one medium white round polyp, located in center of the image
",cju87q6yoneim0871dl4phvkd.png
cju2qdj95ru8g09886gfi9rsz.png,"two large yellow round polyp, located in top left, center of the image
",cju2qdj95ru8g09886gfi9rsz.png
cju1ftaji6isw0855108yqcse.png,"one medium white round polyp, located in right of the image
",cju1ftaji6isw0855108yqcse.png
cju2upu4evw7g08358guwozxv.png,"one small brown round polyp, located in center of the image
",cju2upu4evw7g08358guwozxv.png
cju3uhb79gcgr0871orbrbi3x.png,"ten small white circle polyp, located in top right, top left, top right, top, top right, top left, right, center, right, bottom of the image
",cju3uhb79gcgr0871orbrbi3x.png
cju6v3bb2v7xo085090blubyw.png,"three small brown round polyp, located in top left, top, bottom of the image
",cju6v3bb2v7xo085090blubyw.png
cju6wll7wvo3y08502pagos8m.png,"one medium brown round polyp, located in center of the image
",cju6wll7wvo3y08502pagos8m.png
cju15czxqp3lv0835jvhgzurz.png,"one medium white round polyp, located in center of the image
",cju15czxqp3lv0835jvhgzurz.png
cju2zpw4q9vzr0801p0lysjdl.png,"one small brown circle polyp, located in center of the image
",cju2zpw4q9vzr0801p0lysjdl.png
cju8bzzy2s66m08016z6mouqt.png,"one small white round polyp, located in right of the image
",cju8bzzy2s66m08016z6mouqt.png
cju2ij9uiic2l09933ljiv6gm.png,"one small white round polyp, located in center of the image
",cju2ij9uiic2l09933ljiv6gm.png
cju3v664kh0px0818y4y7wolf.png,"one small white oval polyp, located in right of the image
",cju3v664kh0px0818y4y7wolf.png
cju88trl3ogi208716qvti51b.png,"one small white circle polyp, located in center of the image
",cju88trl3ogi208716qvti51b.png
cju8c5zcbsdfz0801o5t6jag1.png,"one small white round polyp, located in top right of the image
",cju8c5zcbsdfz0801o5t6jag1.png
cju32jcdabepz0878d0cznmfe.png,"one medium orange oval polyp, located in right of the image
",cju32jcdabepz0878d0cznmfe.png
cju2yg5ht8i4p087800js8hp4.png,"one medium white round polyp, located in right of the image
",cju2yg5ht8i4p087800js8hp4.png
cju35mdz73x890835eynq1h9v.png,"one medium brown oval polyp, located in center of the image
",cju35mdz73x890835eynq1h9v.png
cju8cdeazsm8h0801jxifmzur.png,"one medium white round polyp, located in center of the image
",cju8cdeazsm8h0801jxifmzur.png
cju5woy82m07m08505dmjg7g1.png,"one medium pink round polyp, located in bottom right of the image
",cju5woy82m07m08505dmjg7g1.png
cju5yhgznmkzb0801cji2vi8j.png,"one small white circle polyp, located in center of the image
",cju5yhgznmkzb0801cji2vi8j.png
cju326h4v1gxw08352px40p7r.png,"two large yellow round polyp, located in top left, center of the image
",cju326h4v1gxw08352px40p7r.png
cju160wshltz10993i1gmqxbe.png,"one small white circle polyp, located in right of the image
",cju160wshltz10993i1gmqxbe.png
cju16b6ynq8e40988m8vx0xnj.png,"one small brown circle polyp, located in top left of the image
",cju16b6ynq8e40988m8vx0xnj.png
cju85citjlnfm0755i4rk5tqj.png,"one small white round polyp, located in top of the image
",cju85citjlnfm0755i4rk5tqj.png
cju1drnhbrb9409935wi7vkhg.png,"two large white triangular polyp, located in top left, right of the image
",cju1drnhbrb9409935wi7vkhg.png
cju1c4fcu40hl07992b8gj0c8.png,"one small white circle polyp, located in right of the image
",cju1c4fcu40hl07992b8gj0c8.png
cju2ma647l0nj0993ot4deq2q.png,"three small white round polyp, located in top left, right, bottom of the image
",cju2ma647l0nj0993ot4deq2q.png
cju2zwg05a0oy0801yr73ig7g.png,"one medium tan oval polyp, located in right of the image
",cju2zwg05a0oy0801yr73ig7g.png
cju83rcnzkbsj0755x5anfrcg.png,"one medium white circle polyp, located in center of the image
",cju83rcnzkbsj0755x5anfrcg.png
cju8bbznkrf5g0871jncffynk.png,"one medium white round polyp, located in center of the image
",cju8bbznkrf5g0871jncffynk.png
cju7fob3x301u0755x985pmmq.png,"one medium white round polyp, located in center of the image
",cju7fob3x301u0755x985pmmq.png
cju2z6ez69g4u0801qwt088lw.png,"two large yellow round polyp, located in top left, center of the image
",cju2z6ez69g4u0801qwt088lw.png
cju5es375cnzy0801nkq35ffs.png,"one small brown round polyp, located in center of the image
",cju5es375cnzy0801nkq35ffs.png
cju5vutu7ll8w0871dfp92n9p.png,"one medium white circle polyp, located in center of the image
",cju5vutu7ll8w0871dfp92n9p.png
cju5cetivauok0987ok3e5bre.png,"one medium white round polyp, located in center of the image
",cju5cetivauok0987ok3e5bre.png
cju15mhjczc8z0801kit5c6di.png,"one medium white round polyp, located in top right of the image
",cju15mhjczc8z0801kit5c6di.png
cju5u6wf0kh1t0755bg1ssixv.png,"one large yellow round polyp, located in center of the image
",cju5u6wf0kh1t0755bg1ssixv.png
cju34sh43d8zm08019xbwhc0o.png,"one medium white round polyp, located in center of the image
",cju34sh43d8zm08019xbwhc0o.png
cju310f6val1v0855xo8tc3gu.png,"one large white round polyp, located in center of the image
",cju310f6val1v0855xo8tc3gu.png
cju42tauqlo5p08171l3cuo4b.png,"one small pink round polyp, located in center of the image
",cju42tauqlo5p08171l3cuo4b.png
cju43kj2pm34f0850l28ahpni.png,"one small white circle polyp, located in right of the image
",cju43kj2pm34f0850l28ahpni.png
cju5x28nzm7t907558ocq4bt7.png,"one medium white oval polyp, located in top of the image
",cju5x28nzm7t907558ocq4bt7.png
cju2y0z6g87p10878fpk5d3rq.png,"one medium yellow round polyp, located in center of the image
",cju2y0z6g87p10878fpk5d3rq.png
cju320gyvbch60801v2amdi2g.png,"one medium white a thumb polyp, located in right of the image
",cju320gyvbch60801v2amdi2g.png
cju30nyxe0gfb0835p256yoju.png,"one large white round polyp, located in right of the image
",cju30nyxe0gfb0835p256yoju.png
cju2yw4s7z7p20988lmf2gdgd.png,"one small yellow circle polyp, located in right of the image
",cju2yw4s7z7p20988lmf2gdgd.png
cju7epwj82koz098713apjnzo.png,"one small white triangular polyp, located in top of the image
",cju7epwj82koz098713apjnzo.png
cju31ugmfb3dz0855xtqshki6.png,"one small tan round polyp, located in center of the image
",cju31ugmfb3dz0855xtqshki6.png
cju3v56bwgy8v0871w14pz8fx.png,"two small, medium white round polyp, located in top, left of the image
",cju3v56bwgy8v0871w14pz8fx.png
cju33jon3ygbj0993pu22a4k6.png,"one small white round polyp, located in bottom of the image
",cju33jon3ygbj0993pu22a4k6.png
cju8bpctzrqkr0850zeldv9kt.png,"one small white round polyp, located in top of the image
",cju8bpctzrqkr0850zeldv9kt.png
cju8bop5jrsid08716i24fqda.png,"one small tan round polyp, located in right of the image
",cju8bop5jrsid08716i24fqda.png
cju7b4mtw1n9n080186209f3d.png,"one small tan oval polyp, located in top of the image
",cju7b4mtw1n9n080186209f3d.png
cju8bqxxurs6i0850mu7mtef9.png,"one medium pink oval polyp, located in right of the image
",cju8bqxxurs6i0850mu7mtef9.png
cju45qbf3n9sa0987oonbkly9.png,"one medium tan round polyp, located in right of the image
",cju45qbf3n9sa0987oonbkly9.png
cju88fpm4o0tl0871w1i6a4ds.png,"one small orange circle polyp, located in top right of the image
",cju88fpm4o0tl0871w1i6a4ds.png
cjz14qsk2wci60794un9ozwmw.png,"one medium white triangular polyp, located in center of the image
",cjz14qsk2wci60794un9ozwmw.png
cju2hqt33lmra0988fr5ijv8j.png,"one medium yellow round polyp, located in bottom right of the image
",cju2hqt33lmra0988fr5ijv8j.png
cju87r56lnkyp0755hz30leew.png,"one large white round polyp, located in right of the image
",cju87r56lnkyp0755hz30leew.png
cju77t0razbvm080106o56289.png,"two large white round polyp, located in top left, left of the image
",cju77t0razbvm080106o56289.png
cju8bj2ssrmlm0871gc2ug2rs.png,"one small pink triangular polyp, located in center of the image
",cju8bj2ssrmlm0871gc2ug2rs.png
cju32phw2bv130801yj7bkouq.png,"two large yellow round polyp, located in top left, center of the image
",cju32phw2bv130801yj7bkouq.png
cju45rj7ln8980850a7821fov.png,"two small white round polyp, located in top left, bottom right of the image
",cju45rj7ln8980850a7821fov.png
cju83mki1jv5w0817kubxm31r.png,"two medium white round polyp, located in top left, bottom right of the image
",cju83mki1jv5w0817kubxm31r.png
cju42u5bjlvi10801dc13sskp.png,"one medium white round polyp, located in center of the image
",cju42u5bjlvi10801dc13sskp.png
cju30u1hbakn808019g15nb8b.png,"one small white round polyp, located in center of the image
",cju30u1hbakn808019g15nb8b.png
cju324q101fhe08350wae9cif.png,"one medium white circle polyp, located in top of the image
",cju324q101fhe08350wae9cif.png
cju7bd1qu1mx409877xjxibox.png,"one medium yellow round polyp, located in center of the image
",cju7bd1qu1mx409877xjxibox.png
cju6vvb8svhed0801jjcquh5e.png,"one small white triangular polyp, located in center of the image
",cju6vvb8svhed0801jjcquh5e.png
cju3wstckialg0871xs0vevsj.png,"one large white round polyp, located in center of the image
",cju3wstckialg0871xs0vevsj.png
cju5ymyd8mmdc0801ry3by1xr.png,"one small white round polyp, located in right of the image
",cju5ymyd8mmdc0801ry3by1xr.png
cju3uz4o6gr9z0850lhxyxvsj.png,"one medium pink round polyp, located in center of the image
",cju3uz4o6gr9z0850lhxyxvsj.png
cju17hw9hr9c5098800fu4u8e.png,"one small white circle polyp, located in center of the image
",cju17hw9hr9c5098800fu4u8e.png
cju35fxqyzt5p0993vusm54qz.png,"one medium white round polyp, located in center of the image
",cju35fxqyzt5p0993vusm54qz.png
cju2raxlosl630988jdbfy9b0.png,"two large yellow round polyp, located in top left, bottom of the image
",cju2raxlosl630988jdbfy9b0.png
cju5bwhapakm90987c1v4z46a.png,"one small black circle polyp, located in center of the image
",cju5bwhapakm90987c1v4z46a.png
cju7f900s2o0k08175gl1giid.png,"one medium white triangular polyp, located in left of the image
",cju7f900s2o0k08175gl1giid.png
cju30ywtc0oar0835bp2en7ec.png,"one medium tan round polyp, located in left of the image
",cju30ywtc0oar0835bp2en7ec.png
cju41p90plcsx08018cnzpndc.png,"one small black circle polyp, located in bottom of the image
",cju41p90plcsx08018cnzpndc.png
cju8aj01yqeqm0850lhdz3xdw.png,"one medium yellow round polyp, located in bottom right of the image
",cju8aj01yqeqm0850lhdz3xdw.png
cju8cgi2kspp308011nxdtjp6.png,"one small white oval polyp, located in right of the image
",cju8cgi2kspp308011nxdtjp6.png
cju34c1xfyz920993itxkkfad.png,"one medium brown round polyp, located in center of the image
",cju34c1xfyz920993itxkkfad.png
cju32csyfblyh080170aa3x5p.png,"one medium brown round polyp, located in center of the image
",cju32csyfblyh080170aa3x5p.png
cju3xzvnzj0hd0755xprz39nj.png,"two large white round polyp, located in top left, right of the image
",cju3xzvnzj0hd0755xprz39nj.png
cju2xf8e5y2wm08359vcgk09b.png,"one large yellow round polyp, located in right of the image
",cju2xf8e5y2wm08359vcgk09b.png
cju5wuhm1lwm40987vugqn3vv.png,"one medium yellow triangular polyp, located in right of the image
",cju5wuhm1lwm40987vugqn3vv.png
cju6xmqd9w0250817l5kxfnsk.png,"two medium white oval polyp, located in top left, right of the image
",cju6xmqd9w0250817l5kxfnsk.png
cju7d2q1k27nf08715zshsckt.png,"one medium white round polyp, located in bottom right of the image
",cju7d2q1k27nf08715zshsckt.png
cju2lejzcy4pc0878c9rlonot.png,"one medium yellow round polyp, located in bottom right of the image
",cju2lejzcy4pc0878c9rlonot.png
cju7ff97z2ow40817u2r83my5.png,"one small white triangular polyp, located in top of the image
",cju7ff97z2ow40817u2r83my5.png
cju7el6xv2k520817qxx9wdr5.png,"one medium white round polyp, located in right of the image
",cju7el6xv2k520817qxx9wdr5.png
cju5x7iskmad90818frchyfwd.png,"two medium white round polyp, located in top left, left of the image
",cju5x7iskmad90818frchyfwd.png
